--v2 add insert for system user in the user_account table, required for inserts that follow
--   set role and search_path to remove need to prefix

-- standing data required

SET ROLE DARTS_OWNER;
SET SEARCH_PATH TO darts;


INSERT INTO user_account (usr_id, dm_user_s_object_id, user_name, user_email_address, description, user_state, last_login_ts, is_system_user, account_guid, created_ts, created_by, last_modified_ts, last_modified_by) VALUES (0, NULL, 'System User', 'dartssystemuser@hmcts.net', 'System User', 0, NULL, true, 'Not available', CURRENT_TIMESTAMP, 0, CURRENT_TIMESTAMP, 0);
INSERT INTO user_account (usr_id, dm_user_s_object_id, user_name, user_email_address, description, user_state, last_login_ts, is_system_user, account_guid, created_ts, created_by, last_modified_ts, last_modified_by) VALUES (-1, NULL, 'Event Processor', 'Event.Processor@example.com', 'Event Processor', 0, NULL, true, 'Not available', CURRENT_TIMESTAMP, 0, CURRENT_TIMESTAMP, 0);
INSERT INTO user_account (usr_id, dm_user_s_object_id, user_name, user_email_address, description, user_state, last_login_ts, is_system_user, account_guid, created_ts, created_by, last_modified_ts, last_modified_by) VALUES (-2, NULL, 'DailyList Processor', 'DailyList.Processor@example.com', 'DailyList Processor', 0, NULL, true, 'Not available', CURRENT_TIMESTAMP, 0, CURRENT_TIMESTAMP, 0);
INSERT INTO user_account (usr_id, dm_user_s_object_id, user_name, user_email_address, description, user_state, last_login_ts, is_system_user, account_guid, created_ts, created_by, last_modified_ts, last_modified_by) VALUES (-3, NULL, 'AddAudio Processor', 'AddAudio.Processor@example.com', 'AddAudio Processor', 0, NULL, true, 'Not available', CURRENT_TIMESTAMP, 0, CURRENT_TIMESTAMP, 0);
INSERT INTO user_account (usr_id, dm_user_s_object_id, user_name, user_email_address, description, user_state, last_login_ts, is_system_user, account_guid, created_ts, created_by, last_modified_ts, last_modified_by) VALUES (-4, NULL, 'AddCase Processor', 'AddCase.Processor@example.com', 'AddCase Processor', 0, NULL, true, 'Not available', CURRENT_TIMESTAMP, 0, CURRENT_TIMESTAMP, 0);
INSERT INTO user_account (usr_id, dm_user_s_object_id, user_name, user_email_address, description, user_state, last_login_ts, is_system_user, account_guid, created_ts, created_by, last_modified_ts, last_modified_by) VALUES (-40, NULL, 'Xhibit', 'xhibit@hmcts.net', 'Xhibit', 0, NULL, true, 'Not available', CURRENT_TIMESTAMP, 0, CURRENT_TIMESTAMP, 0);
INSERT INTO user_account (usr_id, dm_user_s_object_id, user_name, user_email_address, description, user_state, last_login_ts, is_system_user, account_guid, created_ts, created_by, last_modified_ts, last_modified_by) VALUES (-41, NULL, 'Cpp', 'cpp@hmcts.net', 'Cpp', 0, NULL, true, 'Not available', CURRENT_TIMESTAMP, 0, CURRENT_TIMESTAMP, 0);
INSERT INTO user_account (usr_id, dm_user_s_object_id, user_name, user_email_address, description, user_state, last_login_ts, is_system_user, account_guid, created_ts, created_by, last_modified_ts, last_modified_by) VALUES (-42, NULL, 'Dar Pc', 'dar.pc@hmcts.net', 'Dar Pc', 0, NULL, true, 'Not available', CURRENT_TIMESTAMP, 0, CURRENT_TIMESTAMP, 0);
INSERT INTO user_account (usr_id, dm_user_s_object_id, user_name, user_email_address, description, user_state, last_login_ts, is_system_user, account_guid, created_ts, created_by, last_modified_ts, last_modified_by) VALUES (-43, NULL, 'Mid Tier', 'dar.midtier@hmcts.net', 'Mid Tier', 0, NULL, true, 'Not available', CURRENT_TIMESTAMP, 0, CURRENT_TIMESTAMP, 0);

INSERT INTO audit_activity (aua_id, activity_name, activity_description, created_ts, created_by, last_modified_ts, last_modified_by) VALUES (1, 'Move Courtroom', 'Move Courtroom', CURRENT_TIMESTAMP, 0, CURRENT_TIMESTAMP, 0);
INSERT INTO audit_activity (aua_id, activity_name, activity_description, created_ts, created_by, last_modified_ts, last_modified_by) VALUES (2, 'Export Audio', 'Export Audio', CURRENT_TIMESTAMP, 0, CURRENT_TIMESTAMP, 0);
INSERT INTO audit_activity (aua_id, activity_name, activity_description, created_ts, created_by, last_modified_ts, last_modified_by) VALUES (3, 'Request Audio', 'Request Audio', CURRENT_TIMESTAMP, 0, CURRENT_TIMESTAMP, 0);
INSERT INTO audit_activity (aua_id, activity_name, activity_description, created_ts, created_by, last_modified_ts, last_modified_by) VALUES (4, 'Audio Playback', 'Audio Playback', CURRENT_TIMESTAMP, 0, CURRENT_TIMESTAMP, 0);
INSERT INTO audit_activity (aua_id, activity_name, activity_description, created_ts, created_by, last_modified_ts, last_modified_by) VALUES (5, 'Apply Retention', 'Apply Retention', CURRENT_TIMESTAMP, 0, CURRENT_TIMESTAMP, 0);
INSERT INTO audit_activity (aua_id, activity_name, activity_description, created_ts, created_by, last_modified_ts, last_modified_by) VALUES (6, 'Request Transcription', 'Request Transcription', CURRENT_TIMESTAMP, 0, CURRENT_TIMESTAMP, 0);
INSERT INTO audit_activity (aua_id, activity_name, activity_description, created_ts, created_by, last_modified_ts, last_modified_by) VALUES (7, 'Import Transcription', 'Import Transcription', CURRENT_TIMESTAMP, 0, CURRENT_TIMESTAMP, 0);
INSERT INTO audit_activity (aua_id, activity_name, activity_description, created_ts, created_by, last_modified_ts, last_modified_by) VALUES (8, 'Download Transcription', 'Download Transcription', CURRENT_TIMESTAMP, 0, CURRENT_TIMESTAMP, 0);
INSERT INTO audit_activity (aua_id, activity_name, activity_description, created_ts, created_by, last_modified_ts, last_modified_by) VALUES (9, 'Authorise Transcription', 'Authorise Transcription', CURRENT_TIMESTAMP, 0, CURRENT_TIMESTAMP, 0);
INSERT INTO audit_activity (aua_id, activity_name, activity_description, created_ts, created_by, last_modified_ts, last_modified_by) VALUES (10, 'Reject Transcription', 'Reject Transcription', CURRENT_TIMESTAMP, 0, CURRENT_TIMESTAMP, 0);
INSERT INTO audit_activity (aua_id, activity_name, activity_description, created_ts, created_by, last_modified_ts, last_modified_by) VALUES (11, 'Accept Transcription', 'Accept Transcription', CURRENT_TIMESTAMP, 0, CURRENT_TIMESTAMP, 0);
INSERT INTO audit_activity (aua_id, activity_name, activity_description, created_ts, created_by, last_modified_ts, last_modified_by) VALUES (12, 'Complete Transcription', 'Complete Transcription', CURRENT_TIMESTAMP, 0, CURRENT_TIMESTAMP, 0);
INSERT INTO audit_activity (aua_id, activity_name, activity_description, created_ts, created_by, last_modified_ts, last_modified_by) VALUES (13, 'Import Annotation', 'Import Annotation', CURRENT_TIMESTAMP, 0, CURRENT_TIMESTAMP, 0);
INSERT INTO audit_activity (aua_id, activity_name, activity_description, created_ts, created_by, last_modified_ts, last_modified_by) VALUES (14, 'Create Courthouse', 'Create Courthouse', CURRENT_TIMESTAMP, 0, CURRENT_TIMESTAMP, 0);
INSERT INTO audit_activity (aua_id, activity_name, activity_description, created_ts, created_by, last_modified_ts, last_modified_by) VALUES (15, 'Update Courthouse Group', 'Update Courthouse Group', CURRENT_TIMESTAMP, 0, CURRENT_TIMESTAMP, 0);
INSERT INTO audit_activity (aua_id, activity_name, activity_description, created_ts, created_by, last_modified_ts, last_modified_by) VALUES (16, 'Update Courthouse', 'Update Courthouse', CURRENT_TIMESTAMP, 0, CURRENT_TIMESTAMP, 0);
INSERT INTO audit_activity (aua_id, activity_name, activity_description, created_ts, created_by, last_modified_ts, last_modified_by) VALUES (17, 'Create User', 'Create User', CURRENT_TIMESTAMP, 0, CURRENT_TIMESTAMP, 0);
INSERT INTO audit_activity (aua_id, activity_name, activity_description, created_ts, created_by, last_modified_ts, last_modified_by) VALUES (18, 'Deactivate User', 'Deactivate User', CURRENT_TIMESTAMP, 0, CURRENT_TIMESTAMP, 0);
INSERT INTO audit_activity (aua_id, activity_name, activity_description, created_ts, created_by, last_modified_ts, last_modified_by) VALUES (19, 'Reactivate User', 'Reactivate User', CURRENT_TIMESTAMP, 0, CURRENT_TIMESTAMP, 0);
INSERT INTO audit_activity (aua_id, activity_name, activity_description, created_ts, created_by, last_modified_ts, last_modified_by) VALUES (20, 'Update User', 'Update User', CURRENT_TIMESTAMP, 0, CURRENT_TIMESTAMP, 0);
INSERT INTO audit_activity (aua_id, activity_name, activity_description, created_ts, created_by, last_modified_ts, last_modified_by) VALUES (21, 'Create Group', 'Create Group', CURRENT_TIMESTAMP, 0, CURRENT_TIMESTAMP, 0);
INSERT INTO audit_activity (aua_id, activity_name, activity_description, created_ts, created_by, last_modified_ts, last_modified_by) VALUES (22, 'Update Group', 'Update Group', CURRENT_TIMESTAMP, 0, CURRENT_TIMESTAMP, 0);
INSERT INTO audit_activity (aua_id, activity_name, activity_description, created_ts, created_by, last_modified_ts, last_modified_by) VALUES (23, 'Update Users Group', 'Update User''s Group', CURRENT_TIMESTAMP, 0, CURRENT_TIMESTAMP, 0);
INSERT INTO audit_activity (aua_id, activity_name, activity_description, created_ts, created_by, last_modified_ts, last_modified_by) VALUES (24, 'Amend Transcription Workflow', 'Amend Transcription Workflow', CURRENT_TIMESTAMP, 0, CURRENT_TIMESTAMP, 0);
INSERT INTO audit_activity (aua_id, activity_name, activity_description, created_ts, created_by, last_modified_ts, last_modified_by) VALUES (25, 'Create Retention Policy', 'Create Retention Policy', CURRENT_TIMESTAMP, 0, CURRENT_TIMESTAMP, 0);
INSERT INTO audit_activity (aua_id, activity_name, activity_description, created_ts, created_by, last_modified_ts, last_modified_by) VALUES (26, 'Edit Retention Policy', 'Edit Retention Policy', CURRENT_TIMESTAMP, 0, CURRENT_TIMESTAMP, 0);
INSERT INTO audit_activity (aua_id, activity_name, activity_description, created_ts, created_by, last_modified_ts, last_modified_by) VALUES (27, 'Revise Retention Policy', 'Revise Retention Policy', CURRENT_TIMESTAMP, 0, CURRENT_TIMESTAMP, 0);
INSERT INTO audit_activity (aua_id, activity_name, activity_description, created_ts, created_by, last_modified_ts, last_modified_by) VALUES (28, 'Run Job Manually', 'Run Job Manually', CURRENT_TIMESTAMP, 0, CURRENT_TIMESTAMP, 0);
INSERT INTO audit_activity (aua_id, activity_name, activity_description, created_ts, created_by, last_modified_ts, last_modified_by) VALUES (29, 'Enable/Disable Job', 'Enable/Disable Job', CURRENT_TIMESTAMP, 0, CURRENT_TIMESTAMP, 0);
INSERT INTO audit_activity (aua_id, activity_name, activity_description, created_ts, created_by, last_modified_ts, last_modified_by) VALUES (30, 'Add Event Mapping', 'Add Event Mapping', CURRENT_TIMESTAMP, 0, CURRENT_TIMESTAMP, 0);
INSERT INTO audit_activity (aua_id, activity_name, activity_description, created_ts, created_by, last_modified_ts, last_modified_by) VALUES (31, 'Delete Event Mapping', 'Delete Event Mapping', CURRENT_TIMESTAMP, 0, CURRENT_TIMESTAMP, 0);
INSERT INTO audit_activity (aua_id, activity_name, activity_description, created_ts, created_by, last_modified_ts, last_modified_by) VALUES (32, 'Change Event Mapping', 'Change Event Mapping', CURRENT_TIMESTAMP, 0, CURRENT_TIMESTAMP, 0);

INSERT INTO event_handler (evh_id, event_type, event_sub_type, event_name, handler, created_by, created_ts, active, is_reporting_restriction) VALUES (1, '1000', '1002', 'Proceedings in chambers', 'StandardEventHandler', 0, current_timestamp, true, false);
INSERT INTO event_handler (evh_id, event_type, event_sub_type, event_name, handler, created_by, created_ts, active, is_reporting_restriction) VALUES (2, '1000', '1001', 'Offences put to defendant', 'StandardEventHandler', 0, current_timestamp, true, false);
INSERT INTO event_handler (evh_id, event_type, event_sub_type, event_name, handler, created_by, created_ts, active, is_reporting_restriction) VALUES (3, '1000', '1062', 'Defendant sworn-in', 'StandardEventHandler', 0, current_timestamp, true, false);
INSERT INTO event_handler (evh_id, event_type, event_sub_type, event_name, handler, created_by, created_ts, active, is_reporting_restriction) VALUES (4, '1000', '1063', 'Defendant examination in-chief', 'StandardEventHandler', 0, current_timestamp, true, false);
INSERT INTO event_handler (evh_id, event_type, event_sub_type, event_name, handler, created_by, created_ts, active, is_reporting_restriction) VALUES (5, '1000', '1064', 'Defendant continued', 'StandardEventHandler', 0, current_timestamp, true, false);
INSERT INTO event_handler (evh_id, event_type, event_sub_type, event_name, handler, created_by, created_ts, active, is_reporting_restriction) VALUES (6, '1000', '1065', 'Defendant cross-examined by Prosecution', 'StandardEventHandler', 0, current_timestamp, true, false);
INSERT INTO event_handler (evh_id, event_type, event_sub_type, event_name, handler, created_by, created_ts, active, is_reporting_restriction) VALUES (7, '1000', '1066', 'Defendant cross-examined Defence', 'StandardEventHandler', 0, current_timestamp, true, false);
INSERT INTO event_handler (evh_id, event_type, event_sub_type, event_name, handler, created_by, created_ts, active, is_reporting_restriction) VALUES (8, '1000', '1067', 'Re-examination', 'StandardEventHandler', 0, current_timestamp, true, false);
INSERT INTO event_handler (evh_id, event_type, event_sub_type, event_name, handler, created_by, created_ts, active, is_reporting_restriction) VALUES (9, '1000', '1068', 'Defendant released', 'StandardEventHandler', 0, current_timestamp, true, false);
INSERT INTO event_handler (evh_id, event_type, event_sub_type, event_name, handler, created_by, created_ts, active, is_reporting_restriction) VALUES (10, '1000', '1069', 'Defendant recalled', 'StandardEventHandler', 0, current_timestamp, true, false);
INSERT INTO event_handler (evh_id, event_type, event_sub_type, event_name, handler, created_by, created_ts, active, is_reporting_restriction) VALUES (11, '1000', '1070', 'Defendant questioned by Judge', 'StandardEventHandler', 0, current_timestamp, true, false);
INSERT INTO event_handler (evh_id, event_type, event_sub_type, event_name, handler, created_by, created_ts, active, is_reporting_restriction) VALUES (12, '1000', '1003', 'Prosecution opened', 'StandardEventHandler', 0, current_timestamp, true, false);
INSERT INTO event_handler (evh_id, event_type, event_sub_type, event_name, handler, created_by, created_ts, active, is_reporting_restriction) VALUES (13, '1000', '1004', 'Voir dire', 'StandardEventHandler', 0, current_timestamp, true, false);
INSERT INTO event_handler (evh_id, event_type, event_sub_type, event_name, handler, created_by, created_ts, active, is_reporting_restriction) VALUES (14, '1000', '1005', 'Prosecution closed case', 'StandardEventHandler', 0, current_timestamp, true, false);
INSERT INTO event_handler (evh_id, event_type, event_sub_type, event_name, handler, created_by, created_ts, active, is_reporting_restriction) VALUES (15, '1000', '1006', 'Prosecution gave closing speech', 'StandardEventHandler', 0, current_timestamp, true, false);
INSERT INTO event_handler (evh_id, event_type, event_sub_type, event_name, handler, created_by, created_ts, active, is_reporting_restriction) VALUES (16, '1000', '1007', 'Defence opened case', 'StandardEventHandler', 0, current_timestamp, true, false);
INSERT INTO event_handler (evh_id, event_type, event_sub_type, event_name, handler, created_by, created_ts, active, is_reporting_restriction) VALUES (17, '1000', '1009', 'Defence closed case', 'StandardEventHandler', 0, current_timestamp, true, false);
INSERT INTO event_handler (evh_id, event_type, event_sub_type, event_name, handler, created_by, created_ts, active, is_reporting_restriction) VALUES (18, '1000', '1010', 'Defence gave closing speech', 'StandardEventHandler', 0, current_timestamp, true, false);
INSERT INTO event_handler (evh_id, event_type, event_sub_type, event_name, handler, created_by, created_ts, active, is_reporting_restriction) VALUES (19, '1000', '1011', 'Discussion on directions to be given to the jury', 'StandardEventHandler', 0, current_timestamp, true, false);
INSERT INTO event_handler (evh_id, event_type, event_sub_type, event_name, handler, created_by, created_ts, active, is_reporting_restriction) VALUES (20, '1000', '1012', 'Discussion on juror irregularity', 'StandardEventHandler', 0, current_timestamp, true, false);
INSERT INTO event_handler (evh_id, event_type, event_sub_type, event_name, handler, created_by, created_ts, active, is_reporting_restriction) VALUES (21, '1000', '1014', 'Discussion on contempt of court issues', 'StandardEventHandler', 0, current_timestamp, true, false);
INSERT INTO event_handler (evh_id, event_type, event_sub_type, event_name, handler, created_by, created_ts, active, is_reporting_restriction) VALUES (22, '1000', '1022', 'Application: Goodyear indication', 'StandardEventHandler', 0, current_timestamp, true, false);
INSERT INTO event_handler (evh_id, event_type, event_sub_type, event_name, handler, created_by, created_ts, active, is_reporting_restriction) VALUES (23, '1000', '1024', 'Application: No case to answer', 'StandardEventHandler', 0, current_timestamp, true, false);
INSERT INTO event_handler (evh_id, event_type, event_sub_type, event_name, handler, created_by, created_ts, active, is_reporting_restriction) VALUES (24, '1000', '1027', 'Judge directed defendant', 'StandardEventHandler', 0, current_timestamp, true, false);
INSERT INTO event_handler (evh_id, event_type, event_sub_type, event_name, handler, created_by, created_ts, active, is_reporting_restriction) VALUES (25, '1000', '1028', 'Judge directed jury', 'StandardEventHandler', 0, current_timestamp, true, false);
INSERT INTO event_handler (evh_id, event_type, event_sub_type, event_name, handler, created_by, created_ts, active, is_reporting_restriction) VALUES (26, '1000', '1029', 'Judge gave a majority direction', 'StandardEventHandler', 0, current_timestamp, true, false);
INSERT INTO event_handler (evh_id, event_type, event_sub_type, event_name, handler, created_by, created_ts, active, is_reporting_restriction) VALUES (27, '1000', '1026', 'Judge summing-up', 'StandardEventHandler', 0, current_timestamp, true, false);
INSERT INTO event_handler (evh_id, event_type, event_sub_type, event_name, handler, created_by, created_ts, active, is_reporting_restriction) VALUES (28, '1000', '1052', 'Jury sworn-in', 'StandardEventHandler', 0, current_timestamp, true, false);
INSERT INTO event_handler (evh_id, event_type, event_sub_type, event_name, handler, created_by, created_ts, active, is_reporting_restriction) VALUES (29, '1000', '1051', 'Jury in', 'StandardEventHandler', 0, current_timestamp, true, false);
INSERT INTO event_handler (evh_id, event_type, event_sub_type, event_name, handler, created_by, created_ts, active, is_reporting_restriction) VALUES (30, '1000', '1053', 'Jury out', 'StandardEventHandler', 0, current_timestamp, true, false);
INSERT INTO event_handler (evh_id, event_type, event_sub_type, event_name, handler, created_by, created_ts, active, is_reporting_restriction) VALUES (31, '1000', '1054', 'Jury retired', 'StandardEventHandler', 0, current_timestamp, true, false);
INSERT INTO event_handler (evh_id, event_type, event_sub_type, event_name, handler, created_by, created_ts, active, is_reporting_restriction) VALUES (32, '1000', '1055', 'Jury returned', 'DarStartHandler', 0, current_timestamp, true, false);
INSERT INTO event_handler (evh_id, event_type, event_sub_type, event_name, handler, created_by, created_ts, active, is_reporting_restriction) VALUES (33, '1000', '1056', 'Jury gave verdict', 'StandardEventHandler', 0, current_timestamp, true, false);
INSERT INTO event_handler (evh_id, event_type, event_sub_type, event_name, handler, created_by, created_ts, active, is_reporting_restriction) VALUES (34, '1000', '1057', 'Juror discharged', 'StandardEventHandler', 0, current_timestamp, true, false);
INSERT INTO event_handler (evh_id, event_type, event_sub_type, event_name, handler, created_by, created_ts, active, is_reporting_restriction) VALUES (35, '1000', '1058', 'Jury discharged', 'StandardEventHandler', 0, current_timestamp, true, false);
INSERT INTO event_handler (evh_id, event_type, event_sub_type, event_name, handler, created_by, created_ts, active, is_reporting_restriction) VALUES (36, '1000', '1059', 'Witness recalled', 'StandardEventHandler', 0, current_timestamp, true, false);
INSERT INTO event_handler (evh_id, event_type, event_sub_type, event_name, handler, created_by, created_ts, active, is_reporting_restriction) VALUES (37, '1100', NULL, 'Hearing started', 'DarStartHandler', 0, current_timestamp, true, false);
INSERT INTO event_handler (evh_id, event_type, event_sub_type, event_name, handler, created_by, created_ts, active, is_reporting_restriction) VALUES (38, '1200', NULL, 'Hearing ended', 'DarStopHandler', 0, current_timestamp, true, false);
INSERT INTO event_handler (evh_id, event_type, event_sub_type, event_name, handler, created_by, created_ts, active, is_reporting_restriction) VALUES (39, '1400', NULL, 'Hearing paused', 'DarStopHandler', 0, current_timestamp, true, false);
INSERT INTO event_handler (evh_id, event_type, event_sub_type, event_name, handler, created_by, created_ts, active, is_reporting_restriction) VALUES (40, '1500', NULL, 'Hearing resumed', 'DarStartHandler', 0, current_timestamp, true, false);
INSERT INTO event_handler (evh_id, event_type, event_sub_type, event_name, handler, created_by, created_ts, active, is_reporting_restriction) VALUES (41, '2100', NULL, 'Defendant identified', 'StandardEventHandler', 0, current_timestamp, true, false);
INSERT INTO event_handler (evh_id, event_type, event_sub_type, event_name, handler, created_by, created_ts, active, is_reporting_restriction) VALUES (42, '2198', '3900', 'Defendant arraigned', 'StandardEventHandler', 0, current_timestamp, true, false);
INSERT INTO event_handler (evh_id, event_type, event_sub_type, event_name, handler, created_by, created_ts, active, is_reporting_restriction) VALUES (43, '2198', '3901', 'Defendant rearraigned', 'StandardEventHandler', 0, current_timestamp, true, false);
INSERT INTO event_handler (evh_id, event_type, event_sub_type, event_name, handler, created_by, created_ts, active, is_reporting_restriction) VALUES (44, '2198', '3903', 'Prosecution responded', 'StandardEventHandler', 0, current_timestamp, true, false);
INSERT INTO event_handler (evh_id, event_type, event_sub_type, event_name, handler, created_by, created_ts, active, is_reporting_restriction) VALUES (45, '2198', '3905', 'Defence responded', 'StandardEventHandler', 0, current_timestamp, true, false);
INSERT INTO event_handler (evh_id, event_type, event_sub_type, event_name, handler, created_by, created_ts, active, is_reporting_restriction) VALUES (46, '2198', '3904', 'Mitigation', 'StandardEventHandler', 0, current_timestamp, true, false);
INSERT INTO event_handler (evh_id, event_type, event_sub_type, event_name, handler, created_by, created_ts, active, is_reporting_restriction) VALUES (47, '2198', '3906', 'Discussion on ground rules', 'StandardEventHandler', 0, current_timestamp, true, false);
INSERT INTO event_handler (evh_id, event_type, event_sub_type, event_name, handler, created_by, created_ts, active, is_reporting_restriction) VALUES (48, '2198', '3907', 'Discussion on basis of plea', 'StandardEventHandler', 0, current_timestamp, true, false);
INSERT INTO event_handler (evh_id, event_type, event_sub_type, event_name, handler, created_by, created_ts, active, is_reporting_restriction) VALUES (49, '2198', '3918', 'Point of law raised', 'StandardEventHandler', 0, current_timestamp, true, false);
INSERT INTO event_handler (evh_id, event_type, event_sub_type, event_name, handler, created_by, created_ts, active, is_reporting_restriction) VALUES (50, '2198', '3931', 'Prosecution application: Break fixture', 'StandardEventHandler', 0, current_timestamp, true, false);
INSERT INTO event_handler (evh_id, event_type, event_sub_type, event_name, handler, created_by, created_ts, active, is_reporting_restriction) VALUES (51, '2198', '3932', 'Defence application: Break fixture', 'StandardEventHandler', 0, current_timestamp, true, false);
INSERT INTO event_handler (evh_id, event_type, event_sub_type, event_name, handler, created_by, created_ts, active, is_reporting_restriction) VALUES (52, '2198', '3921', 'Prosecution application: Adjourn', 'StandardEventHandler', 0, current_timestamp, true, false);
INSERT INTO event_handler (evh_id, event_type, event_sub_type, event_name, handler, created_by, created_ts, active, is_reporting_restriction) VALUES (53, '2198', '3986', 'Defence application: Adjourn', 'StandardEventHandler', 0, current_timestamp, true, false);
INSERT INTO event_handler (evh_id, event_type, event_sub_type, event_name, handler, created_by, created_ts, active, is_reporting_restriction) VALUES (54, '2198', '3933', 'Judge directed on reporting restrictions', 'SetReportingRestrictionEventHandler', 0, current_timestamp, true, true);
INSERT INTO event_handler (evh_id, event_type, event_sub_type, event_name, handler, created_by, created_ts, active, is_reporting_restriction) VALUES (55, '2198', '3935', 'Judge directed Prosecution to obtain a report', 'StandardEventHandler', 0, current_timestamp, true, false);
INSERT INTO event_handler (evh_id, event_type, event_sub_type, event_name, handler, created_by, created_ts, active, is_reporting_restriction) VALUES (56, '2198', '3936', 'Judge directed Defence to obtain a medical report', 'StandardEventHandler', 0, current_timestamp, true, false);
INSERT INTO event_handler (evh_id, event_type, event_sub_type, event_name, handler, created_by, created_ts, active, is_reporting_restriction) VALUES (57, '2198', '3937', 'Judge directed Defence to obtain a psychiatric report', 'StandardEventHandler', 0, current_timestamp, true, false);
INSERT INTO event_handler (evh_id, event_type, event_sub_type, event_name, handler, created_by, created_ts, active, is_reporting_restriction) VALUES (58, '2198', '3938', 'Judge directed Defence counsel to obtain a report', 'StandardEventHandler', 0, current_timestamp, true, false);
INSERT INTO event_handler (evh_id, event_type, event_sub_type, event_name, handler, created_by, created_ts, active, is_reporting_restriction) VALUES (59, '2198', '3940', 'Judges ruling', 'StandardEventHandler', 0, current_timestamp, true, false);
INSERT INTO event_handler (evh_id, event_type, event_sub_type, event_name, handler, created_by, created_ts, active, is_reporting_restriction) VALUES (60, '2198', '3934', 'Judge passed sentence', 'StandardEventHandler', 0, current_timestamp, true, false);
INSERT INTO event_handler (evh_id, event_type, event_sub_type, event_name, handler, created_by, created_ts, active, is_reporting_restriction) VALUES (61, '2199', NULL, 'Prosecution application', 'StandardEventHandler', 0, current_timestamp, true, false);
INSERT INTO event_handler (evh_id, event_type, event_sub_type, event_name, handler, created_by, created_ts, active, is_reporting_restriction) VALUES (62, '2201', NULL, 'Defence application', 'StandardEventHandler', 0, current_timestamp, true, false);
INSERT INTO event_handler (evh_id, event_type, event_sub_type, event_name, handler, created_by, created_ts, active, is_reporting_restriction) VALUES (63, '2902', '3964', 'Application: Fitness to plead', 'StandardEventHandler', 0, current_timestamp, true, false);
INSERT INTO event_handler (evh_id, event_type, event_sub_type, event_name, handler, created_by, created_ts, active, is_reporting_restriction) VALUES (64, '2906', '3968', 'Witness gave pre-recorded evidence', 'StandardEventHandler', 0, current_timestamp, true, false);
INSERT INTO event_handler (evh_id, event_type, event_sub_type, event_name, handler, created_by, created_ts, active, is_reporting_restriction) VALUES (65, '2907', '3969', 'Witness read', 'StandardEventHandler', 0, current_timestamp, true, false);
INSERT INTO event_handler (evh_id, event_type, event_sub_type, event_name, handler, created_by, created_ts, active, is_reporting_restriction) VALUES (66, '2908', '3970', 'Witness sworn-in', 'StandardEventHandler', 0, current_timestamp, true, false);
INSERT INTO event_handler (evh_id, event_type, event_sub_type, event_name, handler, created_by, created_ts, active, is_reporting_restriction) VALUES (67, '2909', '3971', 'Witness examination in-chief', 'StandardEventHandler', 0, current_timestamp, true, false);
INSERT INTO event_handler (evh_id, event_type, event_sub_type, event_name, handler, created_by, created_ts, active, is_reporting_restriction) VALUES (68, '2910', '3972', 'Witness continued', 'StandardEventHandler', 0, current_timestamp, true, false);
INSERT INTO event_handler (evh_id, event_type, event_sub_type, event_name, handler, created_by, created_ts, active, is_reporting_restriction) VALUES (69, '2912', '3974', 'Re-examination', 'StandardEventHandler', 0, current_timestamp, true, false);
INSERT INTO event_handler (evh_id, event_type, event_sub_type, event_name, handler, created_by, created_ts, active, is_reporting_restriction) VALUES (70, '2913', '3975', 'Witness released', 'StandardEventHandler', 0, current_timestamp, true, false);
INSERT INTO event_handler (evh_id, event_type, event_sub_type, event_name, handler, created_by, created_ts, active, is_reporting_restriction) VALUES (71, '2914', '3976', 'Witness questioned by Judge', 'StandardEventHandler', 0, current_timestamp, true, false);
INSERT INTO event_handler (evh_id, event_type, event_sub_type, event_name, handler, created_by, created_ts, active, is_reporting_restriction) VALUES (72, '2917', '3979', 'Interpreter sworn-in', 'InterpreterUsedHandler', 0, current_timestamp, true, false);
INSERT INTO event_handler (evh_id, event_type, event_sub_type, event_name, handler, created_by, created_ts, active, is_reporting_restriction) VALUES (73, '2918', '3980', 'Intermediatory sworn-in', 'StandardEventHandler', 0, current_timestamp, true, false);
INSERT INTO event_handler (evh_id, event_type, event_sub_type, event_name, handler, created_by, created_ts, active, is_reporting_restriction) VALUES (74, '2920', '3981', 'Probation gave oral PSR', 'StandardEventHandler', 0, current_timestamp, true, false);
INSERT INTO event_handler (evh_id, event_type, event_sub_type, event_name, handler, created_by, created_ts, active, is_reporting_restriction) VALUES (75, '2933', '3982', 'Victim Personal Statement(s) read', 'StandardEventHandler', 0, current_timestamp, true, false);
INSERT INTO event_handler (evh_id, event_type, event_sub_type, event_name, handler, created_by, created_ts, active, is_reporting_restriction) VALUES (76, '2934', '3983', 'Unspecified event', 'StandardEventHandler', 0, current_timestamp, true, false);
INSERT INTO event_handler (evh_id, event_type, event_sub_type, event_name, handler, created_by, created_ts, active, is_reporting_restriction) VALUES (77, '3000', NULL, 'Archive Case', 'StopAndCloseHandler', 0, current_timestamp, true, false);
INSERT INTO event_handler (evh_id, event_type, event_sub_type, event_name, handler, created_by, created_ts, active, is_reporting_restriction) VALUES (78, '3010', NULL, 'Sentence Transcription Required', 'TranscriptionRequestHandler', 0, current_timestamp, true, false);
INSERT INTO event_handler (evh_id, event_type, event_sub_type, event_name, handler, created_by, created_ts, active, is_reporting_restriction) VALUES (79, '4101', NULL, 'Witness cross-examined by Defence', 'StandardEventHandler', 0, current_timestamp, true, false);
INSERT INTO event_handler (evh_id, event_type, event_sub_type, event_name, handler, created_by, created_ts, active, is_reporting_restriction) VALUES (80, '4102', NULL, 'Witness cross-examined by Prosecution', 'StandardEventHandler', 0, current_timestamp, true, false);
INSERT INTO event_handler (evh_id, event_type, event_sub_type, event_name, handler, created_by, created_ts, active, is_reporting_restriction) VALUES (81, '10100', NULL, 'Case called on', 'DarStartHandler', 0, current_timestamp, true, false);
INSERT INTO event_handler (evh_id, event_type, event_sub_type, event_name, handler, created_by, created_ts, active, is_reporting_restriction) VALUES (82, '10200', NULL, 'Defendant attendance', 'StandardEventHandler', 0, current_timestamp, true, false);
INSERT INTO event_handler (evh_id, event_type, event_sub_type, event_name, handler, created_by, created_ts, active, is_reporting_restriction) VALUES (83, '10300', NULL, 'Prosecution addresses judge', 'StandardEventHandler', 0, current_timestamp, true, false);
INSERT INTO event_handler (evh_id, event_type, event_sub_type, event_name, handler, created_by, created_ts, active, is_reporting_restriction) VALUES (84, '10400', NULL, 'Defence addresses judge', 'StandardEventHandler', 0, current_timestamp, true, false);
INSERT INTO event_handler (evh_id, event_type, event_sub_type, event_name, handler, created_by, created_ts, active, is_reporting_restriction) VALUES (85, '10500', NULL, 'Resume', 'DarStartHandler', 0, current_timestamp, true, false);
INSERT INTO event_handler (evh_id, event_type, event_sub_type, event_name, handler, created_by, created_ts, active, is_reporting_restriction) VALUES (86, '20100', NULL, 'Bench Warrant Issued', 'StandardEventHandler', 0, current_timestamp, true, false);
INSERT INTO event_handler (evh_id, event_type, event_sub_type, event_name, handler, created_by, created_ts, active, is_reporting_restriction) VALUES (87, '20101', NULL, 'Bench Warrant Executed', 'StandardEventHandler', 0, current_timestamp, true, false);
INSERT INTO event_handler (evh_id, event_type, event_sub_type, event_name, handler, created_by, created_ts, active, is_reporting_restriction) VALUES (88, '20198', '13900', 'Acceptable guilty plea(s) entered late to some or all charges / counts on the charge sheet, offered for the first time by the defence.', 'StandardEventHandler', 0, current_timestamp, true, false);
INSERT INTO event_handler (evh_id, event_type, event_sub_type, event_name, handler, created_by, created_ts, active, is_reporting_restriction) VALUES (89, '20198', '13901', 'Acceptable guilty plea(s) entered late to some or all charges / counts on the charge sheet, previously rejected by the prosecution.', 'StandardEventHandler', 0, current_timestamp, true, false);
INSERT INTO event_handler (evh_id, event_type, event_sub_type, event_name, handler, created_by, created_ts, active, is_reporting_restriction) VALUES (90, '20198', '13902', 'Acceptable guilty plea(s) to alternative new charge (not previously on the charge sheet), first offered by defence.', 'StandardEventHandler', 0, current_timestamp, true, false);
INSERT INTO event_handler (evh_id, event_type, event_sub_type, event_name, handler, created_by, created_ts, active, is_reporting_restriction) VALUES (91, '20198', '13903', 'Acceptable guilty plea(s) to alternative new charge (not previously on the charge sheet), previously rejected by the prosecution.', 'StandardEventHandler', 0, current_timestamp, true, false);
INSERT INTO event_handler (evh_id, event_type, event_sub_type, event_name, handler, created_by, created_ts, active, is_reporting_restriction) VALUES (92, '20198', '13904', 'Defendant bound over, acceptable to prosecution - offered for the first by the defence.', 'StandardEventHandler', 0, current_timestamp, true, false);
INSERT INTO event_handler (evh_id, event_type, event_sub_type, event_name, handler, created_by, created_ts, active, is_reporting_restriction) VALUES (93, '20198', '13905', 'Effective Trial.', 'StandardEventHandler', 0, current_timestamp, true, false);
INSERT INTO event_handler (evh_id, event_type, event_sub_type, event_name, handler, created_by, created_ts, active, is_reporting_restriction) VALUES (94, '20198', '13906', 'Defendant bound over, now acceptable to prosecution - previously rejected by the prosecution', 'StandardEventHandler', 0, current_timestamp, true, false);
INSERT INTO event_handler (evh_id, event_type, event_sub_type, event_name, handler, created_by, created_ts, active, is_reporting_restriction) VALUES (95, '20198', '13907', 'Unable to proceed with the trail because defendant incapable through alcohol/drugs', 'StandardEventHandler', 0, current_timestamp, true, false);
INSERT INTO event_handler (evh_id, event_type, event_sub_type, event_name, handler, created_by, created_ts, active, is_reporting_restriction) VALUES (96, '20198', '13908', 'Defendant deceased', 'StandardEventHandler', 0, current_timestamp, true, false);
INSERT INTO event_handler (evh_id, event_type, event_sub_type, event_name, handler, created_by, created_ts, active, is_reporting_restriction) VALUES (97, '20198', '13909', 'Prosecution end case: insufficient evidence', 'StandardEventHandler', 0, current_timestamp, true, false);
INSERT INTO event_handler (evh_id, event_type, event_sub_type, event_name, handler, created_by, created_ts, active, is_reporting_restriction) VALUES (98, '20198', '13910', 'Prosecution end case: witness absent / withdrawn', 'StandardEventHandler', 0, current_timestamp, true, false);
INSERT INTO event_handler (evh_id, event_type, event_sub_type, event_name, handler, created_by, created_ts, active, is_reporting_restriction) VALUES (99, '20198', '13911', 'Prosecution end case: public interest grounds', 'StandardEventHandler', 0, current_timestamp, true, false);
INSERT INTO event_handler (evh_id, event_type, event_sub_type, event_name, handler, created_by, created_ts, active, is_reporting_restriction) VALUES (100, '20198', '13912', 'Prosecution end case: adjournment refused', 'StandardEventHandler', 0, current_timestamp, true, false);
INSERT INTO event_handler (evh_id, event_type, event_sub_type, event_name, handler, created_by, created_ts, active, is_reporting_restriction) VALUES (101, '20198', '13913', 'Prosecution not ready: served late notice of additional evidence on defence', 'StandardEventHandler', 0, current_timestamp, true, false);
INSERT INTO event_handler (evh_id, event_type, event_sub_type, event_name, handler, created_by, created_ts, active, is_reporting_restriction) VALUES (102, '20198', '13914', 'Prosecution not ready: specify in comments', 'StandardEventHandler', 0, current_timestamp, true, false);
INSERT INTO event_handler (evh_id, event_type, event_sub_type, event_name, handler, created_by, created_ts, active, is_reporting_restriction) VALUES (103, '20198', '13915', 'Prosecution failed to disclose unused material', 'StandardEventHandler', 0, current_timestamp, true, false);
INSERT INTO event_handler (evh_id, event_type, event_sub_type, event_name, handler, created_by, created_ts, active, is_reporting_restriction) VALUES (104, '20198', '13916', 'Prosecution witness absent: police', 'StandardEventHandler', 0, current_timestamp, true, false);
INSERT INTO event_handler (evh_id, event_type, event_sub_type, event_name, handler, created_by, created_ts, active, is_reporting_restriction) VALUES (105, '20198', '13917', 'Prosecution witness absent: professional / expert', 'StandardEventHandler', 0, current_timestamp, true, false);
INSERT INTO event_handler (evh_id, event_type, event_sub_type, event_name, handler, created_by, created_ts, active, is_reporting_restriction) VALUES (106, '20198', '13918', 'Prosecution witness absent: other', 'StandardEventHandler', 0, current_timestamp, true, false);
INSERT INTO event_handler (evh_id, event_type, event_sub_type, event_name, handler, created_by, created_ts, active, is_reporting_restriction) VALUES (107, '20198', '13919', 'Prosecution advocate engaged in another trial', 'StandardEventHandler', 0, current_timestamp, true, false);
INSERT INTO event_handler (evh_id, event_type, event_sub_type, event_name, handler, created_by, created_ts, active, is_reporting_restriction) VALUES (108, '20198', '13920', 'Prosecution advocate failed to attend', 'StandardEventHandler', 0, current_timestamp, true, false);
INSERT INTO event_handler (evh_id, event_type, event_sub_type, event_name, handler, created_by, created_ts, active, is_reporting_restriction) VALUES (109, '20198', '13921', 'Prosecution increased time estimate - insufficient time for trail to start', 'StandardEventHandler', 0, current_timestamp, true, false);
INSERT INTO event_handler (evh_id, event_type, event_sub_type, event_name, handler, created_by, created_ts, active, is_reporting_restriction) VALUES (110, '20198', '13922', 'Defence not ready: disclosure problems', 'StandardEventHandler', 0, current_timestamp, true, false);
INSERT INTO event_handler (evh_id, event_type, event_sub_type, event_name, handler, created_by, created_ts, active, is_reporting_restriction) VALUES (111, '20198', '13923', 'Defence not ready: specify in comments (inc. no instructions)', 'StandardEventHandler', 0, current_timestamp, true, false);
INSERT INTO event_handler (evh_id, event_type, event_sub_type, event_name, handler, created_by, created_ts, active, is_reporting_restriction) VALUES (112, '20198', '13924', 'Defence asked for additional prosecution witness toattend', 'StandardEventHandler', 0, current_timestamp, true, false);
INSERT INTO event_handler (evh_id, event_type, event_sub_type, event_name, handler, created_by, created_ts, active, is_reporting_restriction) VALUES (113, '20198', '13925', 'Defence witness absent', 'StandardEventHandler', 0, current_timestamp, true, false);
INSERT INTO event_handler (evh_id, event_type, event_sub_type, event_name, handler, created_by, created_ts, active, is_reporting_restriction) VALUES (114, '20198', '13926', 'Defendant absent - did not proceed in absence (judicial discretion)', 'StandardEventHandler', 0, current_timestamp, true, false);
INSERT INTO event_handler (evh_id, event_type, event_sub_type, event_name, handler, created_by, created_ts, active, is_reporting_restriction) VALUES (115, '20198', '13927', 'Defendant ill or otherwise unfit to proceed', 'StandardEventHandler', 0, current_timestamp, true, false);
INSERT INTO event_handler (evh_id, event_type, event_sub_type, event_name, handler, created_by, created_ts, active, is_reporting_restriction) VALUES (116, '20198', '13928', 'Defendant not produced by PECS', 'StandardEventHandler', 0, current_timestamp, true, false);
INSERT INTO event_handler (evh_id, event_type, event_sub_type, event_name, handler, created_by, created_ts, active, is_reporting_restriction) VALUES (117, '20198', '13929', 'Defendant absent - unable to proceed as defendant not notified of place and time of hearing', 'StandardEventHandler', 0, current_timestamp, true, false);
INSERT INTO event_handler (evh_id, event_type, event_sub_type, event_name, handler, created_by, created_ts, active, is_reporting_restriction) VALUES (118, '20198', '13930', 'Defence increased time estimate - insufficient time for trial to start', 'StandardEventHandler', 0, current_timestamp, true, false);
INSERT INTO event_handler (evh_id, event_type, event_sub_type, event_name, handler, created_by, created_ts, active, is_reporting_restriction) VALUES (119, '20198', '13931', 'Defence advocate engaged in other trial', 'StandardEventHandler', 0, current_timestamp, true, false);
INSERT INTO event_handler (evh_id, event_type, event_sub_type, event_name, handler, created_by, created_ts, active, is_reporting_restriction) VALUES (120, '20198', '13932', 'Defence advocate failed to attend', 'StandardEventHandler', 0, current_timestamp, true, false);
INSERT INTO event_handler (evh_id, event_type, event_sub_type, event_name, handler, created_by, created_ts, active, is_reporting_restriction) VALUES (121, '20198', '13933', 'Defence dismissed advocate', 'StandardEventHandler', 0, current_timestamp, true, false);
INSERT INTO event_handler (evh_id, event_type, event_sub_type, event_name, handler, created_by, created_ts, active, is_reporting_restriction) VALUES (122, '20198', '13934', 'Another case over-ran', 'StandardEventHandler', 0, current_timestamp, true, false);
INSERT INTO event_handler (evh_id, event_type, event_sub_type, event_name, handler, created_by, created_ts, active, is_reporting_restriction) VALUES (123, '20198', '13935', 'Judge / magistrate availability', 'StandardEventHandler', 0, current_timestamp, true, false);
INSERT INTO event_handler (evh_id, event_type, event_sub_type, event_name, handler, created_by, created_ts, active, is_reporting_restriction) VALUES (124, '20198', '13936', 'Case not reached / insufficient cases drop out / floater not reached', 'StandardEventHandler', 0, current_timestamp, true, false);
INSERT INTO event_handler (evh_id, event_type, event_sub_type, event_name, handler, created_by, created_ts, active, is_reporting_restriction) VALUES (125, '20198', '13937', 'Equipment / accommodation', 'StandardEventHandler', 0, current_timestamp, true, false);
INSERT INTO event_handler (evh_id, event_type, event_sub_type, event_name, handler, created_by, created_ts, active, is_reporting_restriction) VALUES (126, '20198', '13938', 'No interpreter available', 'StandardEventHandler', 0, current_timestamp, true, false);
INSERT INTO event_handler (evh_id, event_type, event_sub_type, event_name, handler, created_by, created_ts, active, is_reporting_restriction) VALUES (127, '20198', '13939', 'Insufficient jurors available', 'StandardEventHandler', 0, current_timestamp, true, false);
INSERT INTO event_handler (evh_id, event_type, event_sub_type, event_name, handler, created_by, created_ts, active, is_reporting_restriction) VALUES (128, '20198', '13940', 'Outstanding committals in a magistrates court', 'StandardEventHandler', 0, current_timestamp, true, false);
INSERT INTO event_handler (evh_id, event_type, event_sub_type, event_name, handler, created_by, created_ts, active, is_reporting_restriction) VALUES (129, '20198', '13941', 'Outstanding committals in a Crown Court centre', 'StandardEventHandler', 0, current_timestamp, true, false);
INSERT INTO event_handler (evh_id, event_type, event_sub_type, event_name, handler, created_by, created_ts, active, is_reporting_restriction) VALUES (130, '20200', NULL, 'Bail and custody', 'StandardEventHandler', 0, current_timestamp, true, false);
INSERT INTO event_handler (evh_id, event_type, event_sub_type, event_name, handler, created_by, created_ts, active, is_reporting_restriction) VALUES (131, '20501', NULL, 'Indictment to be filed', 'StandardEventHandler', 0, current_timestamp, true, false);
INSERT INTO event_handler (evh_id, event_type, event_sub_type, event_name, handler, created_by, created_ts, active, is_reporting_restriction) VALUES (132, '20502', NULL, 'List from plea and direction hearing', 'StandardEventHandler', 0, current_timestamp, true, false);
INSERT INTO event_handler (evh_id, event_type, event_sub_type, event_name, handler, created_by, created_ts, active, is_reporting_restriction) VALUES (133, '20503', NULL, 'Certify readiness for trial', 'StandardEventHandler', 0, current_timestamp, true, false);
INSERT INTO event_handler (evh_id, event_type, event_sub_type, event_name, handler, created_by, created_ts, active, is_reporting_restriction) VALUES (134, '20504', NULL, 'Directions form completed', 'StandardEventHandler', 0, current_timestamp, true, false);
INSERT INTO event_handler (evh_id, event_type, event_sub_type, event_name, handler, created_by, created_ts, active, is_reporting_restriction) VALUES (135, '20601', NULL, 'Appellant attendance', 'StandardEventHandler', 0, current_timestamp, true, false);
INSERT INTO event_handler (evh_id, event_type, event_sub_type, event_name, handler, created_by, created_ts, active, is_reporting_restriction) VALUES (136, '20602', NULL, 'Respondant case opened', 'StandardEventHandler', 0, current_timestamp, true, false);
INSERT INTO event_handler (evh_id, event_type, event_sub_type, event_name, handler, created_by, created_ts, active, is_reporting_restriction) VALUES (137, '20603', NULL, 'Appeal witness sworn in', 'StandardEventHandler', 0, current_timestamp, true, false);
INSERT INTO event_handler (evh_id, event_type, event_sub_type, event_name, handler, created_by, created_ts, active, is_reporting_restriction) VALUES (138, '20604', NULL, 'Appeal witness released', 'StandardEventHandler', 0, current_timestamp, true, false);
INSERT INTO event_handler (evh_id, event_type, event_sub_type, event_name, handler, created_by, created_ts, active, is_reporting_restriction) VALUES (139, '20605', NULL, 'Respondant case closed', 'StandardEventHandler', 0, current_timestamp, true, false);
INSERT INTO event_handler (evh_id, event_type, event_sub_type, event_name, handler, created_by, created_ts, active, is_reporting_restriction) VALUES (140, '20606', NULL, 'Appellant case opened', 'StandardEventHandler', 0, current_timestamp, true, false);
INSERT INTO event_handler (evh_id, event_type, event_sub_type, event_name, handler, created_by, created_ts, active, is_reporting_restriction) VALUES (141, '20607', NULL, 'Appellant submissions', 'StandardEventHandler', 0, current_timestamp, true, false);
INSERT INTO event_handler (evh_id, event_type, event_sub_type, event_name, handler, created_by, created_ts, active, is_reporting_restriction) VALUES (142, '20608', NULL, 'Appellant case closed', 'StandardEventHandler', 0, current_timestamp, true, false);
INSERT INTO event_handler (evh_id, event_type, event_sub_type, event_name, handler, created_by, created_ts, active, is_reporting_restriction) VALUES (143, '20609', NULL, 'Bench retires', 'StandardEventHandler', 0, current_timestamp, true, false);
INSERT INTO event_handler (evh_id, event_type, event_sub_type, event_name, handler, created_by, created_ts, active, is_reporting_restriction) VALUES (144, '20612', NULL, 'Appeal interpreter sworn in', 'InterpreterUsedHandler', 0, current_timestamp, true, false);
INSERT INTO event_handler (evh_id, event_type, event_sub_type, event_name, handler, created_by, created_ts, active, is_reporting_restriction) VALUES (145, '20613', NULL, 'Appeal witness continues', 'StandardEventHandler', 0, current_timestamp, true, false);
INSERT INTO event_handler (evh_id, event_type, event_sub_type, event_name, handler, created_by, created_ts, active, is_reporting_restriction) VALUES (146, '20701', NULL, 'Application to stand out', 'StandardEventHandler', 0, current_timestamp, true, false);
INSERT INTO event_handler (evh_id, event_type, event_sub_type, event_name, handler, created_by, created_ts, active, is_reporting_restriction) VALUES (147, '20702', NULL, 'Defence application', 'StandardEventHandler', 0, current_timestamp, true, false);
INSERT INTO event_handler (evh_id, event_type, event_sub_type, event_name, handler, created_by, created_ts, active, is_reporting_restriction) VALUES (148, '20703', NULL, 'Judges ruling', 'StandardEventHandler', 0, current_timestamp, true, false);
INSERT INTO event_handler (evh_id, event_type, event_sub_type, event_name, handler, created_by, created_ts, active, is_reporting_restriction) VALUES (149, '20704', NULL, 'Prosecution application', 'StandardEventHandler', 0, current_timestamp, true, false);
INSERT INTO event_handler (evh_id, event_type, event_sub_type, event_name, handler, created_by, created_ts, active, is_reporting_restriction) VALUES (150, '20705', NULL, 'Other application', 'StandardEventHandler', 0, current_timestamp, true, false);
INSERT INTO event_handler (evh_id, event_type, event_sub_type, event_name, handler, created_by, created_ts, active, is_reporting_restriction) VALUES (151, '20901', NULL, 'Time estimate', 'StandardEventHandler', 0, current_timestamp, true, false);
INSERT INTO event_handler (evh_id, event_type, event_sub_type, event_name, handler, created_by, created_ts, active, is_reporting_restriction) VALUES (152, '20902', NULL, 'Jury sworn in', 'StandardEventHandler', 0, current_timestamp, true, false);
INSERT INTO event_handler (evh_id, event_type, event_sub_type, event_name, handler, created_by, created_ts, active, is_reporting_restriction) VALUES (153, '20903', NULL, 'Prosecution opening', 'StandardEventHandler', 0, current_timestamp, true, false);
INSERT INTO event_handler (evh_id, event_type, event_sub_type, event_name, handler, created_by, created_ts, active, is_reporting_restriction) VALUES (154, '20904', NULL, 'Witness sworn in', 'StandardEventHandler', 0, current_timestamp, true, false);
INSERT INTO event_handler (evh_id, event_type, event_sub_type, event_name, handler, created_by, created_ts, active, is_reporting_restriction) VALUES (155, '20905', NULL, 'Witness released', 'StandardEventHandler', 0, current_timestamp, true, false);
INSERT INTO event_handler (evh_id, event_type, event_sub_type, event_name, handler, created_by, created_ts, active, is_reporting_restriction) VALUES (156, '20906', NULL, 'Defence case opened', 'StandardEventHandler', 0, current_timestamp, true, false);
INSERT INTO event_handler (evh_id, event_type, event_sub_type, event_name, handler, created_by, created_ts, active, is_reporting_restriction) VALUES (157, '20907', NULL, 'Prosecution closing speech', 'StandardEventHandler', 0, current_timestamp, true, false);
INSERT INTO event_handler (evh_id, event_type, event_sub_type, event_name, handler, created_by, created_ts, active, is_reporting_restriction) VALUES (158, '20908', NULL, 'Prosecution case closed', 'StandardEventHandler', 0, current_timestamp, true, false);
INSERT INTO event_handler (evh_id, event_type, event_sub_type, event_name, handler, created_by, created_ts, active, is_reporting_restriction) VALUES (159, '20909', NULL, 'Defence closing speech', 'StandardEventHandler', 0, current_timestamp, true, false);
INSERT INTO event_handler (evh_id, event_type, event_sub_type, event_name, handler, created_by, created_ts, active, is_reporting_restriction) VALUES (160, '20910', NULL, 'Defence case closed', 'StandardEventHandler', 0, current_timestamp, true, false);
INSERT INTO event_handler (evh_id, event_type, event_sub_type, event_name, handler, created_by, created_ts, active, is_reporting_restriction) VALUES (161, '20911', NULL, 'Summing up', 'StandardEventHandler', 0, current_timestamp, true, false);
INSERT INTO event_handler (evh_id, event_type, event_sub_type, event_name, handler, created_by, created_ts, active, is_reporting_restriction) VALUES (162, '20912', NULL, 'Jury out', 'StandardEventHandler', 0, current_timestamp, true, false);
INSERT INTO event_handler (evh_id, event_type, event_sub_type, event_name, handler, created_by, created_ts, active, is_reporting_restriction) VALUES (163, '20913', NULL, 'Jury returns', 'DarStartHandler', 0, current_timestamp, true, false);
INSERT INTO event_handler (evh_id, event_type, event_sub_type, event_name, handler, created_by, created_ts, active, is_reporting_restriction) VALUES (164, '20914', NULL, 'Jury retire', 'StandardEventHandler', 0, current_timestamp, true, false);
INSERT INTO event_handler (evh_id, event_type, event_sub_type, event_name, handler, created_by, created_ts, active, is_reporting_restriction) VALUES (165, '20915', NULL, 'Jury/Juror discharged', 'StandardEventHandler', 0, current_timestamp, true, false);
INSERT INTO event_handler (evh_id, event_type, event_sub_type, event_name, handler, created_by, created_ts, active, is_reporting_restriction) VALUES (166, '20916', NULL, 'Judge addresses advocate', 'StandardEventHandler', 0, current_timestamp, true, false);
INSERT INTO event_handler (evh_id, event_type, event_sub_type, event_name, handler, created_by, created_ts, active, is_reporting_restriction) VALUES (167, '20917', NULL, 'Interpretor sworn', 'InterpreterUsedHandler', 0, current_timestamp, true, false);
INSERT INTO event_handler (evh_id, event_type, event_sub_type, event_name, handler, created_by, created_ts, active, is_reporting_restriction) VALUES (168, '20918', NULL, 'Cracked or ineffective trial', 'StandardEventHandler', 0, current_timestamp, true, false);
INSERT INTO event_handler (evh_id, event_type, event_sub_type, event_name, handler, created_by, created_ts, active, is_reporting_restriction) VALUES (169, '20920', NULL, 'Witness continued', 'StandardEventHandler', 0, current_timestamp, true, false);
INSERT INTO event_handler (evh_id, event_type, event_sub_type, event_name, handler, created_by, created_ts, active, is_reporting_restriction) VALUES (170, '20933', '10622', 'Judge sentences', 'StandardEventHandler', 0, current_timestamp, true, false);
INSERT INTO event_handler (evh_id, event_type, event_sub_type, event_name, handler, created_by, created_ts, active, is_reporting_restriction) VALUES (171, '20934', '10623', 'Special measures application', 'StandardEventHandler', 0, current_timestamp, true, false);
INSERT INTO event_handler (evh_id, event_type, event_sub_type, event_name, handler, created_by, created_ts, active, is_reporting_restriction) VALUES (172, '20935', '10630', 'Witness Read', 'StandardEventHandler', 0, current_timestamp, true, false);
INSERT INTO event_handler (evh_id, event_type, event_sub_type, event_name, handler, created_by, created_ts, active, is_reporting_restriction) VALUES (173, '20935', '10631', 'Defendant Read', 'StandardEventHandler', 0, current_timestamp, true, false);
INSERT INTO event_handler (evh_id, event_type, event_sub_type, event_name, handler, created_by, created_ts, active, is_reporting_restriction) VALUES (174, '20935', '10632', 'Interpreter Read', 'StandardEventHandler', 0, current_timestamp, true, false);
INSERT INTO event_handler (evh_id, event_type, event_sub_type, event_name, handler, created_by, created_ts, active, is_reporting_restriction) VALUES (175, '20935', '10633', 'Appellant Read', 'StandardEventHandler', 0, current_timestamp, true, false);
INSERT INTO event_handler (evh_id, event_type, event_sub_type, event_name, handler, created_by, created_ts, active, is_reporting_restriction) VALUES (176, '20936', '10630', 'Witness Read', 'StandardEventHandler', 0, current_timestamp, true, false);
INSERT INTO event_handler (evh_id, event_type, event_sub_type, event_name, handler, created_by, created_ts, active, is_reporting_restriction) VALUES (177, '20936', '10631', 'Defendant Read', 'StandardEventHandler', 0, current_timestamp, true, false);
INSERT INTO event_handler (evh_id, event_type, event_sub_type, event_name, handler, created_by, created_ts, active, is_reporting_restriction) VALUES (178, '20936', '10632', 'Interpreter Read', 'StandardEventHandler', 0, current_timestamp, true, false);
INSERT INTO event_handler (evh_id, event_type, event_sub_type, event_name, handler, created_by, created_ts, active, is_reporting_restriction) VALUES (179, '20936', '10633', 'Appellant Read', 'StandardEventHandler', 0, current_timestamp, true, false);
INSERT INTO event_handler (evh_id, event_type, event_sub_type, event_name, handler, created_by, created_ts, active, is_reporting_restriction) VALUES (180, '21200', '10311', 'Bail Conditions Ceased - sentence deferred', 'StandardEventHandler', 0, current_timestamp, true, false);
INSERT INTO event_handler (evh_id, event_type, event_sub_type, event_name, handler, created_by, created_ts, active, is_reporting_restriction) VALUES (181, '21200', '10312', 'Bail Conditions Ceased - defendant deceased', 'StandardEventHandler', 0, current_timestamp, true, false);
INSERT INTO event_handler (evh_id, event_type, event_sub_type, event_name, handler, created_by, created_ts, active, is_reporting_restriction) VALUES (182, '21200', '10313', 'Bail Conditions Ceased - non-custodial sentence imposed', 'StandardEventHandler', 0, current_timestamp, true, false);
INSERT INTO event_handler (evh_id, event_type, event_sub_type, event_name, handler, created_by, created_ts, active, is_reporting_restriction) VALUES (183, '21200', '11000', 'Section 4(2) of the Contempt of Court Act 1981', 'SetReportingRestrictionEventHandler', 0, current_timestamp, true, true);
INSERT INTO event_handler (evh_id, event_type, event_sub_type, event_name, handler, created_by, created_ts, active, is_reporting_restriction) VALUES (184, '21200', '11001', 'Section 11 of the Contempt of Court Act 1981', 'SetReportingRestrictionEventHandler', 0, current_timestamp, true, true);
INSERT INTO event_handler (evh_id, event_type, event_sub_type, event_name, handler, created_by, created_ts, active, is_reporting_restriction) VALUES (185, '21200', '11002', 'Section 39 of the Children and Young Persons Act 1933', 'SetReportingRestrictionEventHandler', 0, current_timestamp, true, true);
INSERT INTO event_handler (evh_id, event_type, event_sub_type, event_name, handler, created_by, created_ts, active, is_reporting_restriction) VALUES (186, '21200', '11003', 'Section 4 of the Sexual Offenders (Amendment) Act 1976', 'SetReportingRestrictionEventHandler', 0, current_timestamp, true, true);
INSERT INTO event_handler (evh_id, event_type, event_sub_type, event_name, handler, created_by, created_ts, active, is_reporting_restriction) VALUES (187, '21200', '11004', 'Section 2 of the Sexual Offenders (Amendment) Act 1992', 'SetReportingRestrictionEventHandler', 0, current_timestamp, true, true);
INSERT INTO event_handler (evh_id, event_type, event_sub_type, event_name, handler, created_by, created_ts, active, is_reporting_restriction) VALUES (188, '21200', '11006', 'An order made under s45 of the Youth Justice and Criminal Evidence Act 1999', 'SetReportingRestrictionEventHandler', 0, current_timestamp, true, true);
INSERT INTO event_handler (evh_id, event_type, event_sub_type, event_name, handler, created_by, created_ts, active, is_reporting_restriction) VALUES (189, '21200', '11007', 'An order made under s45a of the Youth Justice and Criminal Evidence Act 1999', 'SetReportingRestrictionEventHandler', 0, current_timestamp, true, true);
INSERT INTO event_handler (evh_id, event_type, event_sub_type, event_name, handler, created_by, created_ts, active, is_reporting_restriction) VALUES (190, '21200', '11008', 'An order made under s46 of the Youth Justice and Criminal Evidence Act 1999', 'SetReportingRestrictionEventHandler', 0, current_timestamp, true, true);
INSERT INTO event_handler (evh_id, event_type, event_sub_type, event_name, handler, created_by, created_ts, active, is_reporting_restriction) VALUES (191, '21200', '11009', 'An order made under s49 of the Children and Young Persons Act 1933', 'SetReportingRestrictionEventHandler', 0, current_timestamp, true, true);
INSERT INTO event_handler (evh_id, event_type, event_sub_type, event_name, handler, created_by, created_ts, active, is_reporting_restriction) VALUES (192, '21201', NULL, 'Restrictions lifted', 'SetReportingRestrictionEventHandler', 0, current_timestamp, true, true);
INSERT INTO event_handler (evh_id, event_type, event_sub_type, event_name, handler, created_by, created_ts, active, is_reporting_restriction) VALUES (193, '21300', NULL, 'Freetext', 'StandardEventHandler', 0, current_timestamp, true, false);
INSERT INTO event_handler (evh_id, event_type, event_sub_type, event_name, handler, created_by, created_ts, active, is_reporting_restriction) VALUES (194, '21400', '12414', 'Defendant disqualified from working with children for life (Defendant under 18)', 'StandardEventHandler', 0, current_timestamp, true, false);
INSERT INTO event_handler (evh_id, event_type, event_sub_type, event_name, handler, created_by, created_ts, active, is_reporting_restriction) VALUES (195, '21400', '12415', 'Defendant disqualified from working with children for life (Defendant over 18)', 'StandardEventHandler', 0, current_timestamp, true, false);
INSERT INTO event_handler (evh_id, event_type, event_sub_type, event_name, handler, created_by, created_ts, active, is_reporting_restriction) VALUES (196, '21500', '13700', 'Defendant ordered to be electronically monitored', 'StandardEventHandler', 0, current_timestamp, true, false);
INSERT INTO event_handler (evh_id, event_type, event_sub_type, event_name, handler, created_by, created_ts, active, is_reporting_restriction) VALUES (197, '21500', '13701', 'Electronic monitoring requirement amended', 'StandardEventHandler', 0, current_timestamp, true, false);
INSERT INTO event_handler (evh_id, event_type, event_sub_type, event_name, handler, created_by, created_ts, active, is_reporting_restriction) VALUES (198, '21500', '13702', 'Electronic monitoring/tag to be removed', 'StandardEventHandler', 0, current_timestamp, true, false);
INSERT INTO event_handler (evh_id, event_type, event_sub_type, event_name, handler, created_by, created_ts, active, is_reporting_restriction) VALUES (199, '21500', '13703', 'Defendant subject to an electronically monitored curfew', 'StandardEventHandler', 0, current_timestamp, true, false);
INSERT INTO event_handler (evh_id, event_type, event_sub_type, event_name, handler, created_by, created_ts, active, is_reporting_restriction) VALUES (200, '21500', '13704', 'Terms of electronically monitored curfew amended', 'StandardEventHandler', 0, current_timestamp, true, false);
INSERT INTO event_handler (evh_id, event_type, event_sub_type, event_name, handler, created_by, created_ts, active, is_reporting_restriction) VALUES (201, '21500', '13705', 'Requirement for an electronically monitored curfew removed', 'StandardEventHandler', 0, current_timestamp, true, false);
INSERT INTO event_handler (evh_id, event_type, event_sub_type, event_name, handler, created_by, created_ts, active, is_reporting_restriction) VALUES (202, '21600', '13600', 'Sex Offenders Register - victim under 18 years of age - for an indefinite period', 'StandardEventHandler', 0, current_timestamp, true, false);
INSERT INTO event_handler (evh_id, event_type, event_sub_type, event_name, handler, created_by, created_ts, active, is_reporting_restriction) VALUES (203, '21600', '13601', 'Sex Offenders Register - victim under 18 years of age - for 10 years', 'StandardEventHandler', 0, current_timestamp, true, false);
INSERT INTO event_handler (evh_id, event_type, event_sub_type, event_name, handler, created_by, created_ts, active, is_reporting_restriction) VALUES (204, '21600', '13602', 'Sex Offenders Register - victim under 18 years of age - for 3-7 years', 'StandardEventHandler', 0, current_timestamp, true, false);
INSERT INTO event_handler (evh_id, event_type, event_sub_type, event_name, handler, created_by, created_ts, active, is_reporting_restriction) VALUES (205, '21600', '13603', 'Sex Offenders Register - victim under 18 years of age - period to be specified later', 'StandardEventHandler', 0, current_timestamp, true, false);
INSERT INTO event_handler (evh_id, event_type, event_sub_type, event_name, handler, created_by, created_ts, active, is_reporting_restriction) VALUES (206, '21600', '13604', 'Sex Offenders Register - victim under 18 years of age - for another period', 'StandardEventHandler', 0, current_timestamp, true, false);
INSERT INTO event_handler (evh_id, event_type, event_sub_type, event_name, handler, created_by, created_ts, active, is_reporting_restriction) VALUES (207, '21600', '13605', 'Sex Offenders Register - victim over 18 years of age - for an indefinite period', 'StandardEventHandler', 0, current_timestamp, true, false);
INSERT INTO event_handler (evh_id, event_type, event_sub_type, event_name, handler, created_by, created_ts, active, is_reporting_restriction) VALUES (208, '21600', '13606', 'Sex Offenders Register - victim over 18 years of age - for 10 years', 'StandardEventHandler', 0, current_timestamp, true, false);
INSERT INTO event_handler (evh_id, event_type, event_sub_type, event_name, handler, created_by, created_ts, active, is_reporting_restriction) VALUES (209, '21600', '13607', 'Sex Offenders Register - victim over 18 years of age - for 3-7 years', 'StandardEventHandler', 0, current_timestamp, true, false);
INSERT INTO event_handler (evh_id, event_type, event_sub_type, event_name, handler, created_by, created_ts, active, is_reporting_restriction) VALUES (210, '21600', '13608', 'Sex Offenders Register - victim over 18 years of age - for another period', 'StandardEventHandler', 0, current_timestamp, true, false);
INSERT INTO event_handler (evh_id, event_type, event_sub_type, event_name, handler, created_by, created_ts, active, is_reporting_restriction) VALUES (211, '21600', '13609', 'Sex Offenders Register - victim over 18 years of age - period to be specified later', 'StandardEventHandler', 0, current_timestamp, true, false);
INSERT INTO event_handler (evh_id, event_type, event_sub_type, event_name, handler, created_by, created_ts, active, is_reporting_restriction) VALUES (212, '21800', '12310', 'Disqualification from driving removed (3076)', 'StandardEventHandler', 0, current_timestamp, true, false);
INSERT INTO event_handler (evh_id, event_type, event_sub_type, event_name, handler, created_by, created_ts, active, is_reporting_restriction) VALUES (213, '30100', NULL, 'Short adjournment', 'DarStopHandler', 0, current_timestamp, true, false);
INSERT INTO event_handler (evh_id, event_type, event_sub_type, event_name, handler, created_by, created_ts, active, is_reporting_restriction) VALUES (214, '30300', NULL, 'Case closed', 'StopAndCloseHandler', 0, current_timestamp, true, false);
INSERT INTO event_handler (evh_id, event_type, event_sub_type, event_name, handler, created_by, created_ts, active, is_reporting_restriction) VALUES (215, '30500', NULL, 'Hearing ended', 'DarStopHandler', 0, current_timestamp, true, false);
INSERT INTO event_handler (evh_id, event_type, event_sub_type, event_name, handler, created_by, created_ts, active, is_reporting_restriction) VALUES (216, '30600', NULL, 'Hearing ended', 'DarStopHandler', 0, current_timestamp, true, false);
INSERT INTO event_handler (evh_id, event_type, event_sub_type, event_name, handler, created_by, created_ts, active, is_reporting_restriction) VALUES (217, '30601', '11113', 'Delete end hearing', 'StandardEventHandler', 0, current_timestamp, true, false);
INSERT INTO event_handler (evh_id, event_type, event_sub_type, event_name, handler, created_by, created_ts, active, is_reporting_restriction) VALUES (218, '40203', NULL, 'Join indictments', 'StandardEventHandler', 0, current_timestamp, true, false);
INSERT INTO event_handler (evh_id, event_type, event_sub_type, event_name, handler, created_by, created_ts, active, is_reporting_restriction) VALUES (219, '40410', NULL, 'Maintain charges', 'StandardEventHandler', 0, current_timestamp, true, false);
INSERT INTO event_handler (evh_id, event_type, event_sub_type, event_name, handler, created_by, created_ts, active, is_reporting_restriction) VALUES (220, '40601', NULL, '7/14 day orders', 'StandardEventHandler', 0, current_timestamp, true, false);
INSERT INTO event_handler (evh_id, event_type, event_sub_type, event_name, handler, created_by, created_ts, active, is_reporting_restriction) VALUES (221, '40706', '10305', 'Remanded in Custody', 'StandardEventHandler', 0, current_timestamp, true, false);
INSERT INTO event_handler (evh_id, event_type, event_sub_type, event_name, handler, created_by, created_ts, active, is_reporting_restriction) VALUES (222, '40706', '10308', 'Bail as before', 'StandardEventHandler', 0, current_timestamp, true, false);
INSERT INTO event_handler (evh_id, event_type, event_sub_type, event_name, handler, created_by, created_ts, active, is_reporting_restriction) VALUES (223, '40706', '10309', 'Bail varied', 'StandardEventHandler', 0, current_timestamp, true, false);
INSERT INTO event_handler (evh_id, event_type, event_sub_type, event_name, handler, created_by, created_ts, active, is_reporting_restriction) VALUES (224, '40711', NULL, 'Time estimate supplied', 'StandardEventHandler', 0, current_timestamp, true, false);
INSERT INTO event_handler (evh_id, event_type, event_sub_type, event_name, handler, created_by, created_ts, active, is_reporting_restriction) VALUES (225, '40720', NULL, 'Verdict', 'StandardEventHandler', 0, current_timestamp, true, false);
INSERT INTO event_handler (evh_id, event_type, event_sub_type, event_name, handler, created_by, created_ts, active, is_reporting_restriction) VALUES (226, '40721', NULL, 'Verdict', 'StandardEventHandler', 0, current_timestamp, true, false);
INSERT INTO event_handler (evh_id, event_type, event_sub_type, event_name, handler, created_by, created_ts, active, is_reporting_restriction) VALUES (227, '40722', NULL, 'Verdict', 'StandardEventHandler', 0, current_timestamp, true, false);
INSERT INTO event_handler (evh_id, event_type, event_sub_type, event_name, handler, created_by, created_ts, active, is_reporting_restriction) VALUES (228, '40725', NULL, 'Verdict', 'StandardEventHandler', 0, current_timestamp, true, false);
INSERT INTO event_handler (evh_id, event_type, event_sub_type, event_name, handler, created_by, created_ts, active, is_reporting_restriction) VALUES (229, '40726', NULL, 'Verdict', 'StandardEventHandler', 0, current_timestamp, true, false);
INSERT INTO event_handler (evh_id, event_type, event_sub_type, event_name, handler, created_by, created_ts, active, is_reporting_restriction) VALUES (230, '40727', NULL, 'Verdict', 'StandardEventHandler', 0, current_timestamp, true, false);
INSERT INTO event_handler (evh_id, event_type, event_sub_type, event_name, handler, created_by, created_ts, active, is_reporting_restriction) VALUES (231, '40730', NULL, 'Verdict', 'StandardEventHandler', 0, current_timestamp, true, false);
INSERT INTO event_handler (evh_id, event_type, event_sub_type, event_name, handler, created_by, created_ts, active, is_reporting_restriction) VALUES (233, '40731', NULL, 'Verdict', 'StandardEventHandler', 0, current_timestamp, true, false);
INSERT INTO event_handler (evh_id, event_type, event_sub_type, event_name, handler, created_by, created_ts, active, is_reporting_restriction) VALUES (235, '40732', NULL, 'Verdict', 'StandardEventHandler', 0, current_timestamp, true, false);
INSERT INTO event_handler (evh_id, event_type, event_sub_type, event_name, handler, created_by, created_ts, active, is_reporting_restriction) VALUES (237, '40733', NULL, 'Verdict', 'StandardEventHandler', 0, current_timestamp, true, false);
INSERT INTO event_handler (evh_id, event_type, event_sub_type, event_name, handler, created_by, created_ts, active, is_reporting_restriction) VALUES (239, '40735', '10808', 'Delete Offence Level Appeal Result', 'StandardEventHandler', 0, current_timestamp, true, false);
INSERT INTO event_handler (evh_id, event_type, event_sub_type, event_name, handler, created_by, created_ts, active, is_reporting_restriction) VALUES (241, '40736', NULL, 'Verdict', 'StandardEventHandler', 0, current_timestamp, true, false);
INSERT INTO event_handler (evh_id, event_type, event_sub_type, event_name, handler, created_by, created_ts, active, is_reporting_restriction) VALUES (242, '40737', NULL, 'Verdict', 'StandardEventHandler', 0, current_timestamp, true, false);
INSERT INTO event_handler (evh_id, event_type, event_sub_type, event_name, handler, created_by, created_ts, active, is_reporting_restriction) VALUES (243, '40738', NULL, 'Verdict', 'StandardEventHandler', 0, current_timestamp, true, false);
INSERT INTO event_handler (evh_id, event_type, event_sub_type, event_name, handler, created_by, created_ts, active, is_reporting_restriction) VALUES (244, '40750', '12309', 'Driving disqualification suspended pending appeal subsequent to imposition (3075)', 'StandardEventHandler', 0, current_timestamp, true, false);
INSERT INTO event_handler (evh_id, event_type, event_sub_type, event_name, handler, created_by, created_ts, active, is_reporting_restriction) VALUES (245, '40750', NULL, 'Sentencing', 'StandardEventHandler', 0, current_timestamp, true, false);
INSERT INTO event_handler (evh_id, event_type, event_sub_type, event_name, handler, created_by, created_ts, active, is_reporting_restriction) VALUES (246, '40750', '11504', 'Life Imprisonment', ' SentencingRemarksAndRetentionPolicyHandler', 0, current_timestamp, true, false);
INSERT INTO event_handler (evh_id, event_type, event_sub_type, event_name, handler, created_by, created_ts, active, is_reporting_restriction) VALUES (247, '40750', '11505', 'Life Imprisonment (with minimum period)', ' SentencingRemarksAndRetentionPolicyHandler', 0, current_timestamp, true, false);
INSERT INTO event_handler (evh_id, event_type, event_sub_type, event_name, handler, created_by, created_ts, active, is_reporting_restriction) VALUES (248, '40750', '11506', 'Custody for Life', ' SentencingRemarksAndRetentionPolicyHandler', 0, current_timestamp, true, false);
INSERT INTO event_handler (evh_id, event_type, event_sub_type, event_name, handler, created_by, created_ts, active, is_reporting_restriction) VALUES (249, '40750', '11507', 'Mandatory Life Sentence for Second Serious Offence', ' SentencingRemarksAndRetentionPolicyHandler', 0, current_timestamp, true, false);
INSERT INTO event_handler (evh_id, event_type, event_sub_type, event_name, handler, created_by, created_ts, active, is_reporting_restriction) VALUES (250, '40750', '11508', 'Mandatory Life Sentence for Second Serious Offence (Young Offender)', ' SentencingRemarksAndRetentionPolicyHandler', 0, current_timestamp, true, false);
INSERT INTO event_handler (evh_id, event_type, event_sub_type, event_name, handler, created_by, created_ts, active, is_reporting_restriction) VALUES (251, '40750', '11509', 'Detained During Her Majestys Pleasure', ' SentencingRemarksAndRetentionPolicyHandler', 0, current_timestamp, true, false);
INSERT INTO event_handler (evh_id, event_type, event_sub_type, event_name, handler, created_by, created_ts, active, is_reporting_restriction) VALUES (252, '40750', '11521', 'INIMP: Indeterminate Sentence of Imprisonment for Public Protection', ' SentencingRemarksAndRetentionPolicyHandler', 0, current_timestamp, true, false);
INSERT INTO event_handler (evh_id, event_type, event_sub_type, event_name, handler, created_by, created_ts, active, is_reporting_restriction) VALUES (253, '40750', '11522', 'INDET: Indeterminate Sentence of Detention for Public Protection', ' SentencingRemarksAndRetentionPolicyHandler', 0, current_timestamp, true, false);
INSERT INTO event_handler (evh_id, event_type, event_sub_type, event_name, handler, created_by, created_ts, active, is_reporting_restriction) VALUES (254, '40750', '11523', 'Mandatory Life Sentence for Second Listed Offence', ' SentencingRemarksAndRetentionPolicyHandler', 0, current_timestamp, true, false);
INSERT INTO event_handler (evh_id, event_type, event_sub_type, event_name, handler, created_by, created_ts, active, is_reporting_restriction) VALUES (255, '40750', '11524', 'Mandatory Life Sentence for Second Listed Offence (Young Offender)', ' SentencingRemarksAndRetentionPolicyHandler', 0, current_timestamp, true, false);
INSERT INTO event_handler (evh_id, event_type, event_sub_type, event_name, handler, created_by, created_ts, active, is_reporting_restriction) VALUES (256, '40750', '12400', 'Disqualification Order (from working with children)  ADULTS', 'StandardEventHandler', 0, current_timestamp, true, false);
INSERT INTO event_handler (evh_id, event_type, event_sub_type, event_name, handler, created_by, created_ts, active, is_reporting_restriction) VALUES (257, '40750', '12401', 'Disqualification Order (from working with children)  JUVENILES', 'StandardEventHandler', 0, current_timestamp, true, false);
INSERT INTO event_handler (evh_id, event_type, event_sub_type, event_name, handler, created_by, created_ts, active, is_reporting_restriction) VALUES (258, '40750', '13505', 'S226b Extended Discretional for under 18', ' SentencingRemarksAndRetentionPolicyHandler', 0, current_timestamp, true, false);
INSERT INTO event_handler (evh_id, event_type, event_sub_type, event_name, handler, created_by, created_ts, active, is_reporting_restriction) VALUES (259, '40750', '13506', 'S226b Extended Automatic for under 18', ' SentencingRemarksAndRetentionPolicyHandler', 0, current_timestamp, true, false);
INSERT INTO event_handler (evh_id, event_type, event_sub_type, event_name, handler, created_by, created_ts, active, is_reporting_restriction) VALUES (260, '40750', '13503', 'S226a Extended Discretional for over 18', ' SentencingRemarksAndRetentionPolicyHandler', 0, current_timestamp, true, false);
INSERT INTO event_handler (evh_id, event_type, event_sub_type, event_name, handler, created_by, created_ts, active, is_reporting_restriction) VALUES (261, '40750', '13504', 'S226a Extended Automatic for over 18', ' SentencingRemarksAndRetentionPolicyHandler', 0, current_timestamp, true, false);
INSERT INTO event_handler (evh_id, event_type, event_sub_type, event_name, handler, created_by, created_ts, active, is_reporting_restriction) VALUES (262, '40750', '11529', 'Detention for Life under s226 (u18)', ' SentencingRemarksAndRetentionPolicyHandler', 0, current_timestamp, true, false);
INSERT INTO event_handler (evh_id, event_type, event_sub_type, event_name, handler, created_by, created_ts, active, is_reporting_restriction) VALUES (263, '40750', '11525', 'Imprisonment - Extended under s236A CJA2003', ' SentencingRemarksAndRetentionPolicyHandler', 0, current_timestamp, true, false);
INSERT INTO event_handler (evh_id, event_type, event_sub_type, event_name, handler, created_by, created_ts, active, is_reporting_restriction) VALUES (264, '40750', '11526', 'Imprisonment - Minimum Imposed after 3 strikes (Young Offender) - Extended under s236A CJA2003', ' SentencingRemarksAndRetentionPolicyHandler', 0, current_timestamp, true, false);
INSERT INTO event_handler (evh_id, event_type, event_sub_type, event_name, handler, created_by, created_ts, active, is_reporting_restriction) VALUES (265, '40750', '11527', 'Imprisonment - Minimum Imposed after 3 strikes - Extended under s236A CJA2003', ' SentencingRemarksAndRetentionPolicyHandler', 0, current_timestamp, true, false);
INSERT INTO event_handler (evh_id, event_type, event_sub_type, event_name, handler, created_by, created_ts, active, is_reporting_restriction) VALUES (266, '40750', '11528', 'Detention in Y.O.I. - Extended under s235A CJA2003', ' SentencingRemarksAndRetentionPolicyHandler', 0, current_timestamp, true, false);
INSERT INTO event_handler (evh_id, event_type, event_sub_type, event_name, handler, created_by, created_ts, active, is_reporting_restriction) VALUES (267, '40750', '11533', 'Imprisonment for life (adult) for manslaughter of an emergency worker', 'SentencingRemarksAndRetentionPolicyHandler', 0, current_timestamp, true, false);
INSERT INTO event_handler (evh_id, event_type, event_sub_type, event_name, handler, created_by, created_ts, active, is_reporting_restriction) VALUES (268, '40750', '11534', 'Detention for life (youth) for manslaughter of an emergency worker', 'SentencingRemarksAndRetentionPolicyHandler', 0, current_timestamp, true, false);
INSERT INTO event_handler (evh_id, event_type, event_sub_type, event_name, handler, created_by, created_ts, active, is_reporting_restriction) VALUES (269, '40750', '13507', '(Extended Discretional 18 to 20)   Section 266', 'SentencingRemarksAndRetentionPolicyHandler', 0, current_timestamp, true, false);
INSERT INTO event_handler (evh_id, event_type, event_sub_type, event_name, handler, created_by, created_ts, active, is_reporting_restriction) VALUES (270, '40750', '13508', '(Extended Discretional over 21)', 'SentencingRemarksAndRetentionPolicyHandler', 0, current_timestamp, true, false);
INSERT INTO event_handler (evh_id, event_type, event_sub_type, event_name, handler, created_by, created_ts, active, is_reporting_restriction) VALUES (271, '40751', '11528', 'Detention in Y.O.I. - Extended under s235A CJA2003', ' SentencingRemarksAndRetentionPolicyHandler', 0, current_timestamp, true, false);
INSERT INTO event_handler (evh_id, event_type, event_sub_type, event_name, handler, created_by, created_ts, active, is_reporting_restriction) VALUES (272, '40751', NULL, 'Sentencing', 'StandardEventHandler', 0, current_timestamp, true, false);
INSERT INTO event_handler (evh_id, event_type, event_sub_type, event_name, handler, created_by, created_ts, active, is_reporting_restriction) VALUES (273, '40751', '11504', 'Life Imprisonment', ' SentencingRemarksAndRetentionPolicyHandler', 0, current_timestamp, true, false);
INSERT INTO event_handler (evh_id, event_type, event_sub_type, event_name, handler, created_by, created_ts, active, is_reporting_restriction) VALUES (274, '40751', '11505', 'Life Imprisonment (with minimum period)', ' SentencingRemarksAndRetentionPolicyHandler', 0, current_timestamp, true, false);
INSERT INTO event_handler (evh_id, event_type, event_sub_type, event_name, handler, created_by, created_ts, active, is_reporting_restriction) VALUES (275, '40751', '11506', 'Custody for Life', ' SentencingRemarksAndRetentionPolicyHandler', 0, current_timestamp, true, false);
INSERT INTO event_handler (evh_id, event_type, event_sub_type, event_name, handler, created_by, created_ts, active, is_reporting_restriction) VALUES (276, '40751', '11507', 'Mandatory Life Sentence for Second Serious Offence', ' SentencingRemarksAndRetentionPolicyHandler', 0, current_timestamp, true, false);
INSERT INTO event_handler (evh_id, event_type, event_sub_type, event_name, handler, created_by, created_ts, active, is_reporting_restriction) VALUES (277, '40751', '11508', 'Mandatory Life Sentence for Second Serious Offence (Young Offender)', ' SentencingRemarksAndRetentionPolicyHandler', 0, current_timestamp, true, false);
INSERT INTO event_handler (evh_id, event_type, event_sub_type, event_name, handler, created_by, created_ts, active, is_reporting_restriction) VALUES (278, '40751', '11509', 'Detained During Her Majestys Pleasure', ' SentencingRemarksAndRetentionPolicyHandler', 0, current_timestamp, true, false);
INSERT INTO event_handler (evh_id, event_type, event_sub_type, event_name, handler, created_by, created_ts, active, is_reporting_restriction) VALUES (279, '40751', '11521', 'INIMP: Indeterminate Sentence of Imprisonment for Public Protection', ' SentencingRemarksAndRetentionPolicyHandler', 0, current_timestamp, true, false);
INSERT INTO event_handler (evh_id, event_type, event_sub_type, event_name, handler, created_by, created_ts, active, is_reporting_restriction) VALUES (280, '40751', '11522', 'INDET: Indeterminate Sentence of Detention for Public Protection', ' SentencingRemarksAndRetentionPolicyHandler', 0, current_timestamp, true, false);
INSERT INTO event_handler (evh_id, event_type, event_sub_type, event_name, handler, created_by, created_ts, active, is_reporting_restriction) VALUES (281, '40751', '11523', 'Mandatory Life Sentence for Second Listed Offence', ' SentencingRemarksAndRetentionPolicyHandler', 0, current_timestamp, true, false);
INSERT INTO event_handler (evh_id, event_type, event_sub_type, event_name, handler, created_by, created_ts, active, is_reporting_restriction) VALUES (282, '40751', '11524', 'Mandatory Life Sentence for Second Listed Offence (Young Offender)', ' SentencingRemarksAndRetentionPolicyHandler', 0, current_timestamp, true, false);
INSERT INTO event_handler (evh_id, event_type, event_sub_type, event_name, handler, created_by, created_ts, active, is_reporting_restriction) VALUES (283, '40751', '12400', 'Disqualification Order (from working with children)  ADULTS', 'StandardEventHandler', 0, current_timestamp, true, false);
INSERT INTO event_handler (evh_id, event_type, event_sub_type, event_name, handler, created_by, created_ts, active, is_reporting_restriction) VALUES (284, '40751', '12401', 'Disqualification Order (from working with children)  JUVENILES', 'StandardEventHandler', 0, current_timestamp, true, false);
INSERT INTO event_handler (evh_id, event_type, event_sub_type, event_name, handler, created_by, created_ts, active, is_reporting_restriction) VALUES (285, '40751', '13505', 'S226b Extended Discretional for under 18', ' SentencingRemarksAndRetentionPolicyHandler', 0, current_timestamp, true, false);
INSERT INTO event_handler (evh_id, event_type, event_sub_type, event_name, handler, created_by, created_ts, active, is_reporting_restriction) VALUES (286, '40751', '13506', 'S226b Extended Automatic for under 18', ' SentencingRemarksAndRetentionPolicyHandler', 0, current_timestamp, true, false);
INSERT INTO event_handler (evh_id, event_type, event_sub_type, event_name, handler, created_by, created_ts, active, is_reporting_restriction) VALUES (287, '40751', '13503', 'S226a Extended Discretional for over 18', ' SentencingRemarksAndRetentionPolicyHandler', 0, current_timestamp, true, false);
INSERT INTO event_handler (evh_id, event_type, event_sub_type, event_name, handler, created_by, created_ts, active, is_reporting_restriction) VALUES (288, '40751', '13504', 'S226a Extended Automatic for over 18', ' SentencingRemarksAndRetentionPolicyHandler', 0, current_timestamp, true, false);
INSERT INTO event_handler (evh_id, event_type, event_sub_type, event_name, handler, created_by, created_ts, active, is_reporting_restriction) VALUES (289, '40751', '11529', 'Detention for Life under s226 (u18)', ' SentencingRemarksAndRetentionPolicyHandler', 0, current_timestamp, true, false);
INSERT INTO event_handler (evh_id, event_type, event_sub_type, event_name, handler, created_by, created_ts, active, is_reporting_restriction) VALUES (290, '40751', '11525', 'Imprisonment - Extended under s236A CJA2003', ' SentencingRemarksAndRetentionPolicyHandler', 0, current_timestamp, true, false);
INSERT INTO event_handler (evh_id, event_type, event_sub_type, event_name, handler, created_by, created_ts, active, is_reporting_restriction) VALUES (291, '40751', '11526', 'Imprisonment - Minimum Imposed after 3 strikes (Young Offender) - Extended under s236A CJA2003', ' SentencingRemarksAndRetentionPolicyHandler', 0, current_timestamp, true, false);
INSERT INTO event_handler (evh_id, event_type, event_sub_type, event_name, handler, created_by, created_ts, active, is_reporting_restriction) VALUES (292, '40751', '11527', 'Imprisonment - Minimum Imposed after 3 strikes - Extended under s236A CJA2003', ' SentencingRemarksAndRetentionPolicyHandler', 0, current_timestamp, true, false);
INSERT INTO event_handler (evh_id, event_type, event_sub_type, event_name, handler, created_by, created_ts, active, is_reporting_restriction) VALUES (293, '40751', '11533', 'Imprisonment for life (adult) for manslaughter of an emergency worker', 'SentencingRemarksAndRetentionPolicyHandler', 0, current_timestamp, true, false);
INSERT INTO event_handler (evh_id, event_type, event_sub_type, event_name, handler, created_by, created_ts, active, is_reporting_restriction) VALUES (294, '40751', '11534', 'Detention for life (youth) for manslaughter of an emergency worker', 'SentencingRemarksAndRetentionPolicyHandler', 0, current_timestamp, true, false);
INSERT INTO event_handler (evh_id, event_type, event_sub_type, event_name, handler, created_by, created_ts, active, is_reporting_restriction) VALUES (295, '40751', '13507', '(Extended Discretional 18 to 20)   Section 266', 'SentencingRemarksAndRetentionPolicyHandler', 0, current_timestamp, true, false);
INSERT INTO event_handler (evh_id, event_type, event_sub_type, event_name, handler, created_by, created_ts, active, is_reporting_restriction) VALUES (296, '40751', '13508', '(Extended Discretional over 21)', 'SentencingRemarksAndRetentionPolicyHandler', 0, current_timestamp, true, false);
INSERT INTO event_handler (evh_id, event_type, event_sub_type, event_name, handler, created_by, created_ts, active, is_reporting_restriction) VALUES (297, '40752', '11528', 'Detention in Y.O.I. - Extended under s235A CJA2003', ' SentencingRemarksAndRetentionPolicyHandler', 0, current_timestamp, true, false);
INSERT INTO event_handler (evh_id, event_type, event_sub_type, event_name, handler, created_by, created_ts, active, is_reporting_restriction) VALUES (298, '40752', NULL, 'Sentencing', 'StandardEventHandler', 0, current_timestamp, true, false);
INSERT INTO event_handler (evh_id, event_type, event_sub_type, event_name, handler, created_by, created_ts, active, is_reporting_restriction) VALUES (299, '40752', '11504', 'Life Imprisonment', ' SentencingRemarksAndRetentionPolicyHandler', 0, current_timestamp, true, false);
INSERT INTO event_handler (evh_id, event_type, event_sub_type, event_name, handler, created_by, created_ts, active, is_reporting_restriction) VALUES (300, '40752', '11505', 'Life Imprisonment (with minimum period)', ' SentencingRemarksAndRetentionPolicyHandler', 0, current_timestamp, true, false);
INSERT INTO event_handler (evh_id, event_type, event_sub_type, event_name, handler, created_by, created_ts, active, is_reporting_restriction) VALUES (301, '40752', '11506', 'Custody for Life', ' SentencingRemarksAndRetentionPolicyHandler', 0, current_timestamp, true, false);
INSERT INTO event_handler (evh_id, event_type, event_sub_type, event_name, handler, created_by, created_ts, active, is_reporting_restriction) VALUES (302, '40752', '11507', 'Mandatory Life Sentence for Second Serious Offence', ' SentencingRemarksAndRetentionPolicyHandler', 0, current_timestamp, true, false);
INSERT INTO event_handler (evh_id, event_type, event_sub_type, event_name, handler, created_by, created_ts, active, is_reporting_restriction) VALUES (303, '40752', '11508', 'Mandatory Life Sentence for Second Serious Offence (Young Offender)', ' SentencingRemarksAndRetentionPolicyHandler', 0, current_timestamp, true, false);
INSERT INTO event_handler (evh_id, event_type, event_sub_type, event_name, handler, created_by, created_ts, active, is_reporting_restriction) VALUES (304, '40752', '11509', 'Detained During Her Majestys Pleasure', ' SentencingRemarksAndRetentionPolicyHandler', 0, current_timestamp, true, false);
INSERT INTO event_handler (evh_id, event_type, event_sub_type, event_name, handler, created_by, created_ts, active, is_reporting_restriction) VALUES (305, '40752', '11521', 'INIMP: Indeterminate Sentence of Imprisonment for Public Protection', ' SentencingRemarksAndRetentionPolicyHandler', 0, current_timestamp, true, false);
INSERT INTO event_handler (evh_id, event_type, event_sub_type, event_name, handler, created_by, created_ts, active, is_reporting_restriction) VALUES (306, '40752', '11522', 'INDET: Indeterminate Sentence of Detention for Public Protection', ' SentencingRemarksAndRetentionPolicyHandler', 0, current_timestamp, true, false);
INSERT INTO event_handler (evh_id, event_type, event_sub_type, event_name, handler, created_by, created_ts, active, is_reporting_restriction) VALUES (307, '40752', '11523', 'Mandatory Life Sentence for Second Listed Offence', ' SentencingRemarksAndRetentionPolicyHandler', 0, current_timestamp, true, false);
INSERT INTO event_handler (evh_id, event_type, event_sub_type, event_name, handler, created_by, created_ts, active, is_reporting_restriction) VALUES (308, '40752', '11524', 'Mandatory Life Sentence for Second Listed Offence (Young Offender)', ' SentencingRemarksAndRetentionPolicyHandler', 0, current_timestamp, true, false);
INSERT INTO event_handler (evh_id, event_type, event_sub_type, event_name, handler, created_by, created_ts, active, is_reporting_restriction) VALUES (309, '40752', '12400', 'Disqualification Order (from working with children)  ADULTS', 'StandardEventHandler', 0, current_timestamp, true, false);
INSERT INTO event_handler (evh_id, event_type, event_sub_type, event_name, handler, created_by, created_ts, active, is_reporting_restriction) VALUES (310, '40752', '12401', 'Disqualification Order (from working with children)  JUVENILES', 'StandardEventHandler', 0, current_timestamp, true, false);
INSERT INTO event_handler (evh_id, event_type, event_sub_type, event_name, handler, created_by, created_ts, active, is_reporting_restriction) VALUES (311, '40752', '13505', 'S226b Extended Discretional for under 18', ' SentencingRemarksAndRetentionPolicyHandler', 0, current_timestamp, true, false);
INSERT INTO event_handler (evh_id, event_type, event_sub_type, event_name, handler, created_by, created_ts, active, is_reporting_restriction) VALUES (312, '40752', '13506', 'S226b Extended Automatic for under 18', ' SentencingRemarksAndRetentionPolicyHandler', 0, current_timestamp, true, false);
INSERT INTO event_handler (evh_id, event_type, event_sub_type, event_name, handler, created_by, created_ts, active, is_reporting_restriction) VALUES (313, '40752', '13503', 'S226a Extended Discretional for over 18', ' SentencingRemarksAndRetentionPolicyHandler', 0, current_timestamp, true, false);
INSERT INTO event_handler (evh_id, event_type, event_sub_type, event_name, handler, created_by, created_ts, active, is_reporting_restriction) VALUES (314, '40752', '13504', 'S226a Extended Automatic for over 18', ' SentencingRemarksAndRetentionPolicyHandler', 0, current_timestamp, true, false);
INSERT INTO event_handler (evh_id, event_type, event_sub_type, event_name, handler, created_by, created_ts, active, is_reporting_restriction) VALUES (315, '40752', '11529', 'Detention for Life under s226 (u18)', ' SentencingRemarksAndRetentionPolicyHandler', 0, current_timestamp, true, false);
INSERT INTO event_handler (evh_id, event_type, event_sub_type, event_name, handler, created_by, created_ts, active, is_reporting_restriction) VALUES (316, '40752', '11525', 'Imprisonment - Extended under s236A CJA2003', ' SentencingRemarksAndRetentionPolicyHandler', 0, current_timestamp, true, false);
INSERT INTO event_handler (evh_id, event_type, event_sub_type, event_name, handler, created_by, created_ts, active, is_reporting_restriction) VALUES (317, '40752', '11526', 'Imprisonment - Minimum Imposed after 3 strikes (Young Offender) - Extended under s236A CJA2003', ' SentencingRemarksAndRetentionPolicyHandler', 0, current_timestamp, true, false);
INSERT INTO event_handler (evh_id, event_type, event_sub_type, event_name, handler, created_by, created_ts, active, is_reporting_restriction) VALUES (318, '40752', '11527', 'Imprisonment - Minimum Imposed after 3 strikes - Extended under s236A CJA2003', ' SentencingRemarksAndRetentionPolicyHandler', 0, current_timestamp, true, false);
INSERT INTO event_handler (evh_id, event_type, event_sub_type, event_name, handler, created_by, created_ts, active, is_reporting_restriction) VALUES (319, '40752', '11533', 'Imprisonment for life (adult) for manslaughter of an emergency worker', 'SentencingRemarksAndRetentionPolicyHandler', 0, current_timestamp, true, false);
INSERT INTO event_handler (evh_id, event_type, event_sub_type, event_name, handler, created_by, created_ts, active, is_reporting_restriction) VALUES (320, '40752', '11534', 'Detention for life (youth) for manslaughter of an emergency worker', 'SentencingRemarksAndRetentionPolicyHandler', 0, current_timestamp, true, false);
INSERT INTO event_handler (evh_id, event_type, event_sub_type, event_name, handler, created_by, created_ts, active, is_reporting_restriction) VALUES (321, '40752', '13507', '(Extended Discretional 18 to 20)   Section 266', 'SentencingRemarksAndRetentionPolicyHandler', 0, current_timestamp, true, false);
INSERT INTO event_handler (evh_id, event_type, event_sub_type, event_name, handler, created_by, created_ts, active, is_reporting_restriction) VALUES (322, '40752', '13508', '(Extended Discretional over 21)', 'SentencingRemarksAndRetentionPolicyHandler', 0, current_timestamp, true, false);
INSERT INTO event_handler (evh_id, event_type, event_sub_type, event_name, handler, created_by, created_ts, active, is_reporting_restriction) VALUES (323, '40753', '11528', 'Detention in Y.O.I. - Extended under s235A CJA2003', ' SentencingRemarksAndRetentionPolicyHandler', 0, current_timestamp, true, false);
INSERT INTO event_handler (evh_id, event_type, event_sub_type, event_name, handler, created_by, created_ts, active, is_reporting_restriction) VALUES (324, '40753', NULL, 'Sentencing', 'StandardEventHandler', 0, current_timestamp, true, false);
INSERT INTO event_handler (evh_id, event_type, event_sub_type, event_name, handler, created_by, created_ts, active, is_reporting_restriction) VALUES (325, '40753', '11504', 'Life Imprisonment', ' SentencingRemarksAndRetentionPolicyHandler', 0, current_timestamp, true, false);
INSERT INTO event_handler (evh_id, event_type, event_sub_type, event_name, handler, created_by, created_ts, active, is_reporting_restriction) VALUES (326, '40753', '11505', 'Life Imprisonment (with minimum period)', ' SentencingRemarksAndRetentionPolicyHandler', 0, current_timestamp, true, false);
INSERT INTO event_handler (evh_id, event_type, event_sub_type, event_name, handler, created_by, created_ts, active, is_reporting_restriction) VALUES (327, '40753', '11506', 'Custody for Life', ' SentencingRemarksAndRetentionPolicyHandler', 0, current_timestamp, true, false);
INSERT INTO event_handler (evh_id, event_type, event_sub_type, event_name, handler, created_by, created_ts, active, is_reporting_restriction) VALUES (328, '40753', '11507', 'Mandatory Life Sentence for Second Serious Offence', ' SentencingRemarksAndRetentionPolicyHandler', 0, current_timestamp, true, false);
INSERT INTO event_handler (evh_id, event_type, event_sub_type, event_name, handler, created_by, created_ts, active, is_reporting_restriction) VALUES (329, '40753', '11508', 'Mandatory Life Sentence for Second Serious Offence (Young Offender)', ' SentencingRemarksAndRetentionPolicyHandler', 0, current_timestamp, true, false);
INSERT INTO event_handler (evh_id, event_type, event_sub_type, event_name, handler, created_by, created_ts, active, is_reporting_restriction) VALUES (330, '40753', '11509', 'Detained During Her Majestys Pleasure', ' SentencingRemarksAndRetentionPolicyHandler', 0, current_timestamp, true, false);
INSERT INTO event_handler (evh_id, event_type, event_sub_type, event_name, handler, created_by, created_ts, active, is_reporting_restriction) VALUES (331, '40753', '11521', 'INIMP: Indeterminate Sentence of Imprisonment for Public Protection', ' SentencingRemarksAndRetentionPolicyHandler', 0, current_timestamp, true, false);
INSERT INTO event_handler (evh_id, event_type, event_sub_type, event_name, handler, created_by, created_ts, active, is_reporting_restriction) VALUES (332, '40753', '11522', 'INDET: Indeterminate Sentence of Detention for Public Protection', ' SentencingRemarksAndRetentionPolicyHandler', 0, current_timestamp, true, false);
INSERT INTO event_handler (evh_id, event_type, event_sub_type, event_name, handler, created_by, created_ts, active, is_reporting_restriction) VALUES (333, '40753', '11523', 'Mandatory Life Sentence for Second Listed Offence', ' SentencingRemarksAndRetentionPolicyHandler', 0, current_timestamp, true, false);
INSERT INTO event_handler (evh_id, event_type, event_sub_type, event_name, handler, created_by, created_ts, active, is_reporting_restriction) VALUES (334, '40753', '11524', 'Mandatory Life Sentence for Second Listed Offence (Young Offender)', ' SentencingRemarksAndRetentionPolicyHandler', 0, current_timestamp, true, false);
INSERT INTO event_handler (evh_id, event_type, event_sub_type, event_name, handler, created_by, created_ts, active, is_reporting_restriction) VALUES (335, '40753', '12400', 'Disqualification Order (from working with children)  ADULTS', 'StandardEventHandler', 0, current_timestamp, true, false);
INSERT INTO event_handler (evh_id, event_type, event_sub_type, event_name, handler, created_by, created_ts, active, is_reporting_restriction) VALUES (336, '40753', '12401', 'Disqualification Order (from working with children)  JUVENILES', 'StandardEventHandler', 0, current_timestamp, true, false);
INSERT INTO event_handler (evh_id, event_type, event_sub_type, event_name, handler, created_by, created_ts, active, is_reporting_restriction) VALUES (337, '40753', '13505', 'S226b Extended Discretional for under 18', ' SentencingRemarksAndRetentionPolicyHandler', 0, current_timestamp, true, false);
INSERT INTO event_handler (evh_id, event_type, event_sub_type, event_name, handler, created_by, created_ts, active, is_reporting_restriction) VALUES (338, '40753', '13506', 'S226b Extended Automatic for under 18', ' SentencingRemarksAndRetentionPolicyHandler', 0, current_timestamp, true, false);
INSERT INTO event_handler (evh_id, event_type, event_sub_type, event_name, handler, created_by, created_ts, active, is_reporting_restriction) VALUES (339, '40753', '13503', 'S226a Extended Discretional for over 18', ' SentencingRemarksAndRetentionPolicyHandler', 0, current_timestamp, true, false);
INSERT INTO event_handler (evh_id, event_type, event_sub_type, event_name, handler, created_by, created_ts, active, is_reporting_restriction) VALUES (340, '40753', '13504', 'S226a Extended Automatic for over 18', ' SentencingRemarksAndRetentionPolicyHandler', 0, current_timestamp, true, false);
INSERT INTO event_handler (evh_id, event_type, event_sub_type, event_name, handler, created_by, created_ts, active, is_reporting_restriction) VALUES (341, '40753', '11529', 'Detention for Life under s226 (u18)', ' SentencingRemarksAndRetentionPolicyHandler', 0, current_timestamp, true, false);
INSERT INTO event_handler (evh_id, event_type, event_sub_type, event_name, handler, created_by, created_ts, active, is_reporting_restriction) VALUES (342, '40753', '11525', 'Imprisonment - Extended under s236A CJA2003', ' SentencingRemarksAndRetentionPolicyHandler', 0, current_timestamp, true, false);
INSERT INTO event_handler (evh_id, event_type, event_sub_type, event_name, handler, created_by, created_ts, active, is_reporting_restriction) VALUES (343, '40753', '11526', 'Imprisonment - Minimum Imposed after 3 strikes (Young Offender) - Extended under s236A CJA2003', ' SentencingRemarksAndRetentionPolicyHandler', 0, current_timestamp, true, false);
INSERT INTO event_handler (evh_id, event_type, event_sub_type, event_name, handler, created_by, created_ts, active, is_reporting_restriction) VALUES (344, '40753', '11527', 'Imprisonment - Minimum Imposed after 3 strikes - Extended under s236A CJA2003', ' SentencingRemarksAndRetentionPolicyHandler', 0, current_timestamp, true, false);
INSERT INTO event_handler (evh_id, event_type, event_sub_type, event_name, handler, created_by, created_ts, active, is_reporting_restriction) VALUES (345, '40753', '11533', 'Imprisonment for life (adult) for manslaughter of an emergency worker', 'SentencingRemarksAndRetentionPolicyHandler', 0, current_timestamp, true, false);
INSERT INTO event_handler (evh_id, event_type, event_sub_type, event_name, handler, created_by, created_ts, active, is_reporting_restriction) VALUES (346, '40753', '11534', 'Detention for life (youth) for manslaughter of an emergency worker', 'SentencingRemarksAndRetentionPolicyHandler', 0, current_timestamp, true, false);
INSERT INTO event_handler (evh_id, event_type, event_sub_type, event_name, handler, created_by, created_ts, active, is_reporting_restriction) VALUES (347, '40753', '13507', '(Extended Discretional 18 to 20)   Section 266', 'SentencingRemarksAndRetentionPolicyHandler', 0, current_timestamp, true, false);
INSERT INTO event_handler (evh_id, event_type, event_sub_type, event_name, handler, created_by, created_ts, active, is_reporting_restriction) VALUES (348, '40753', '13508', '(Extended Discretional over 21)', 'SentencingRemarksAndRetentionPolicyHandler', 0, current_timestamp, true, false);
INSERT INTO event_handler (evh_id, event_type, event_sub_type, event_name, handler, created_by, created_ts, active, is_reporting_restriction) VALUES (349, '40754', NULL, 'Sentencing', 'StandardEventHandler', 0, current_timestamp, true, false);
INSERT INTO event_handler (evh_id, event_type, event_sub_type, event_name, handler, created_by, created_ts, active, is_reporting_restriction) VALUES (350, '40754', '11533', 'Imprisonment for life (adult) for manslaughter of an emergency worker', 'SentencingRemarksAndRetentionPolicyHandler', 0, current_timestamp, true, false);
INSERT INTO event_handler (evh_id, event_type, event_sub_type, event_name, handler, created_by, created_ts, active, is_reporting_restriction) VALUES (351, '40754', '11534', 'Detention for life (youth) for manslaughter of an emergency worker', 'SentencingRemarksAndRetentionPolicyHandler', 0, current_timestamp, true, false);
INSERT INTO event_handler (evh_id, event_type, event_sub_type, event_name, handler, created_by, created_ts, active, is_reporting_restriction) VALUES (352, '40754', '13507', '(Extended Discretional 18 to 20)   Section 266', 'SentencingRemarksAndRetentionPolicyHandler', 0, current_timestamp, true, false);
INSERT INTO event_handler (evh_id, event_type, event_sub_type, event_name, handler, created_by, created_ts, active, is_reporting_restriction) VALUES (353, '40754', '13508', '(Extended Discretional over 21)', 'SentencingRemarksAndRetentionPolicyHandler', 0, current_timestamp, true, false);
INSERT INTO event_handler (evh_id, event_type, event_sub_type, event_name, handler, created_by, created_ts, active, is_reporting_restriction) VALUES (354, '40755', NULL, 'Sentencing', 'StandardEventHandler', 0, current_timestamp, true, false);
INSERT INTO event_handler (evh_id, event_type, event_sub_type, event_name, handler, created_by, created_ts, active, is_reporting_restriction) VALUES (355, '40756', NULL, 'Guilty', 'StandardEventHandler', 0, current_timestamp, true, false);
INSERT INTO event_handler (evh_id, event_type, event_sub_type, event_name, handler, created_by, created_ts, active, is_reporting_restriction) VALUES (356, '40790', NULL, 'Results', 'DartsEventNullHandler', 0, current_timestamp, true, false);
INSERT INTO event_handler (evh_id, event_type, event_sub_type, event_name, handler, created_by, created_ts, active, is_reporting_restriction) VALUES (357, '40791', NULL, 'Recommended for Deportation', 'StandardEventHandler', 0, current_timestamp, true, false);
INSERT INTO event_handler (evh_id, event_type, event_sub_type, event_name, handler, created_by, created_ts, active, is_reporting_restriction) VALUES (358, '60101', NULL, 'Plea', 'StandardEventHandler', 0, current_timestamp, true, false);
INSERT INTO event_handler (evh_id, event_type, event_sub_type, event_name, handler, created_by, created_ts, active, is_reporting_restriction) VALUES (359, '60102', NULL, 'Plea', 'StandardEventHandler', 0, current_timestamp, true, false);
INSERT INTO event_handler (evh_id, event_type, event_sub_type, event_name, handler, created_by, created_ts, active, is_reporting_restriction) VALUES (360, '60103', NULL, 'Plea', 'StandardEventHandler', 0, current_timestamp, true, false);
INSERT INTO event_handler (evh_id, event_type, event_sub_type, event_name, handler, created_by, created_ts, active, is_reporting_restriction) VALUES (361, '60104', NULL, 'Plea', 'StandardEventHandler', 0, current_timestamp, true, false);
INSERT INTO event_handler (evh_id, event_type, event_sub_type, event_name, handler, created_by, created_ts, active, is_reporting_restriction) VALUES (362, '60106', '11317', 'Admitted ( Bail Act Offence)', 'StandardEventHandler', 0, current_timestamp, true, false);
INSERT INTO event_handler (evh_id, event_type, event_sub_type, event_name, handler, created_by, created_ts, active, is_reporting_restriction) VALUES (363, '60106', '11318', 'Not Admitted ( Bail Act Offence)', 'StandardEventHandler', 0, current_timestamp, true, false);
INSERT INTO event_handler (evh_id, event_type, event_sub_type, event_name, handler, created_by, created_ts, active, is_reporting_restriction) VALUES (364, '302001', NULL, 'Long adjournment', 'StandardEventHandler', 0, current_timestamp, true, false);
INSERT INTO event_handler (evh_id, event_type, event_sub_type, event_name, handler, created_by, created_ts, active, is_reporting_restriction) VALUES (365, '302002', NULL, 'Adjourned for pre-sentence report', 'StandardEventHandler', 0, current_timestamp, true, false);
INSERT INTO event_handler (evh_id, event_type, event_sub_type, event_name, handler, created_by, created_ts, active, is_reporting_restriction) VALUES (366, '302003', NULL, 'Case reserved', 'StandardEventHandler', 0, current_timestamp, true, false);
INSERT INTO event_handler (evh_id, event_type, event_sub_type, event_name, handler, created_by, created_ts, active, is_reporting_restriction) VALUES (367, '302004', NULL, 'Case not reserved', 'StandardEventHandler', 0, current_timestamp, true, false);
INSERT INTO event_handler (evh_id, event_type, event_sub_type, event_name, handler, created_by, created_ts, active, is_reporting_restriction) VALUES (368, '407131', NULL, 'Case to be listed', 'StandardEventHandler', 0, current_timestamp, true, false);
INSERT INTO event_handler (evh_id, event_type, event_sub_type, event_name, handler, created_by, created_ts, active, is_reporting_restriction) VALUES (369, '407132', NULL, 'Case to be listed', 'StandardEventHandler', 0, current_timestamp, true, false);
INSERT INTO event_handler (evh_id, event_type, event_sub_type, event_name, handler, created_by, created_ts, active, is_reporting_restriction) VALUES (370, 'CPPDL', 'CPPDL', 'CPP Daily List', 'DartsEventNullHandler', 0, current_timestamp, true, false);
INSERT INTO event_handler (evh_id, event_type, event_sub_type, event_name, handler, created_by, created_ts, active, is_reporting_restriction) VALUES (372, 'DL', NULL, 'Daily List', 'DartsEventNullHandler', 0, current_timestamp, true, false);
INSERT INTO event_handler (evh_id, event_type, event_sub_type, event_name, handler, created_by, created_ts, active, is_reporting_restriction) VALUES (373, 'NEWCASE', NULL, 'New Case', 'DartsEventNullHandler', 0, current_timestamp, true, false);
INSERT INTO event_handler (evh_id, event_type, event_sub_type, event_name, handler, created_by, created_ts, active, is_reporting_restriction) VALUES (376, 'UPDCASE', NULL, 'Update Case', 'DartsEventNullHandler', 0, current_timestamp, true, false);
INSERT INTO event_handler (evh_id, event_type, event_sub_type, event_name, handler, created_by, created_ts, active, is_reporting_restriction) VALUES (377, 'LOG', NULL, 'LOG', 'StandardEventHandler', 0, current_timestamp, true, false);
INSERT into event_handler (evh_id, event_type, event_sub_type, event_name, handler, created_by, created_ts, active, is_reporting_restriction)(VALUES (600, '20937', '10624', '<Sentence remarks filmed>', 'StandardEventHandler', 0, current_timestamp, true, false);
INSERT into event_handler (evh_id, event_type, event_sub_type, event_name, handler, created_by, created_ts, active, is_reporting_restriction)(VALUES (601, '20937', '10625', '<Sentence remarks not filmed>', 'StandardEventHandler', 0, current_timestamp, true, false);

INSERT INTO external_location_type (elt_id, elt_description) VALUES (1, 'inbound');
INSERT INTO external_location_type (elt_id, elt_description) VALUES (2, 'unstructured');
INSERT INTO external_location_type (elt_id, elt_description) VALUES (3, 'arm');
INSERT INTO external_location_type (elt_id, elt_description) VALUES (5, 'vodafone');
INSERT INTO external_location_type (elt_id, elt_description) VALUES (4, 'dets');

INSERT INTO object_record_status (ors_id, ors_description) VALUES (1, 'New');
INSERT INTO object_record_status (ors_id, ors_description) VALUES (2, 'Stored');
INSERT INTO object_record_status (ors_id, ors_description) VALUES (3, 'Failure');
INSERT INTO object_record_status (ors_id, ors_description) VALUES (4, 'Failure - File not found');
INSERT INTO object_record_status (ors_id, ors_description) VALUES (5, 'Failure - File size check failed');
INSERT INTO object_record_status (ors_id, ors_description) VALUES (6, 'Failure - File type check failed');
INSERT INTO object_record_status (ors_id, ors_description) VALUES (7, 'Failure - Checksum failed');
INSERT INTO object_record_status (ors_id, ors_description) VALUES (8, 'Failure - ARM ingestion failed');
INSERT INTO object_record_status (ors_id, ors_description) VALUES (9, 'Awaiting Verification');
INSERT INTO object_record_status (ors_id, ors_description) VALUES (10, 'marked for Deletion');
INSERT INTO object_record_status (ors_id, ors_description) VALUES (11, 'Deleted');
INSERT INTO object_record_status (ors_id, ors_description) VALUES (12, 'Arm Ingestion');
INSERT INTO object_record_status (ors_id, ors_description) VALUES (13, 'Arm Drop Zone');
INSERT INTO object_record_status (ors_id, ors_description) VALUES (14, 'Arm Raw Data Failed');
INSERT INTO object_record_status (ors_id, ors_description) VALUES (15, 'Arm Manifest Failed');
INSERT INTO object_record_status (ors_id, ors_description) VALUES (16, 'Arm Processing Response Files');
INSERT INTO object_record_status (ors_id, ors_description) VALUES (17, 'Arm Response Process Failed');
INSERT INTO object_record_status (ors_id, ors_description) VALUES (18, 'Arm Response Checksum Verification Failed');
INSERT INTO object_record_status (ors_id, ors_description) VALUES (19, 'Arm Response Manifest Failed');
INSERT INTO object_record_status (ors_id, ors_description) VALUES (20, 'Empty File Failed');

INSERT INTO security_permission (per_id, permission_name) VALUES (1, 'ACCEPT_TRANSCRIPTION_JOB_REQUEST');
INSERT INTO security_permission (per_id, permission_name) VALUES (2, 'APPROVE_REJECT_TRANSCRIPTION_REQUEST');
INSERT INTO security_permission (per_id, permission_name) VALUES (3, 'LISTEN_TO_AUDIO_FOR_DOWNLOAD');
INSERT INTO security_permission (per_id, permission_name) VALUES (4, 'LISTEN_TO_AUDIO_FOR_PLAYBACK');
INSERT INTO security_permission (per_id, permission_name) VALUES (5, 'READ_JUDGES_NOTES');
INSERT INTO security_permission (per_id, permission_name) VALUES (6, 'READ_TRANSCRIBED_DOCUMENT');
INSERT INTO security_permission (per_id, permission_name) VALUES (7, 'REQUEST_AUDIO');
INSERT INTO security_permission (per_id, permission_name) VALUES (8, 'REQUEST_TRANSCRIPTION');
INSERT INTO security_permission (per_id, permission_name) VALUES (9, 'RETENTION_ADMINISTRATION');
INSERT INTO security_permission (per_id, permission_name) VALUES (10, 'SEARCH_CASES');
INSERT INTO security_permission (per_id, permission_name) VALUES (11, 'UPLOAD_JUDGES_NOTES');
INSERT INTO security_permission (per_id, permission_name) VALUES (12, 'UPLOAD_TRANSCRIPTION');
INSERT INTO security_permission (per_id, permission_name) VALUES (13, 'VIEW_DARTS_INBOX');
INSERT INTO security_permission (per_id, permission_name) VALUES (14, 'VIEW_MY_AUDIOS');
INSERT INTO security_permission (per_id, permission_name) VALUES (15, 'VIEW_MY_TRANSCRIPTIONS');
INSERT INTO security_permission (per_id, permission_name) VALUES (16, 'EXPORT_PROCESSED_PLAYBACK_AUDIO');
INSERT INTO security_permission (per_id, permission_name) VALUES (17, 'EXPORT_PROCESSED_DOWNLOAD_AUDIO');
INSERT INTO security_permission (per_id, permission_name) VALUES (18, 'ADD_DOCUMENT');
INSERT INTO security_permission (per_id, permission_name) VALUES (19, 'GET_CASES');
INSERT INTO security_permission (per_id, permission_name) VALUES (20, 'REGISTER_NODE');
INSERT INTO security_permission (per_id, permission_name) VALUES (21, 'ADD_CASE');
INSERT INTO security_permission (per_id, permission_name) VALUES (22, 'ADD_LOG_ENTRY');
INSERT INTO security_permission (per_id, permission_name) VALUES (23, 'ADD_AUDIO');

INSERT INTO security_role (rol_id, role_name, display_name, display_state) VALUES (1, 'APPROVER', 'Approver', true);
INSERT INTO security_role (rol_id, role_name, display_name, display_state) VALUES (2, 'REQUESTER', 'Requester', true);
INSERT INTO security_role (rol_id, role_name, display_name, display_state) VALUES (3, 'JUDGE', 'Judge', true);
INSERT INTO security_role (rol_id, role_name, display_name, display_state) VALUES (4, 'TRANSCRIBER', 'Transcriber', true);
INSERT INTO security_role (rol_id, role_name, display_name, display_state) VALUES (5, 'TRANSLATION_QA', 'Translation QA', true);
INSERT INTO security_role (rol_id, role_name, display_name, display_state) VALUES (6, 'RCJ_APPEALS', 'RCJ Appeals', true);
INSERT INTO security_role (rol_id, role_name, display_name, display_state) VALUES (7, 'XHIBIT', 'XHIBIT', true);
INSERT INTO security_role (rol_id, role_name, display_name, display_state) VALUES (8, 'CPP', 'CPP', true);
INSERT INTO security_role (rol_id, role_name, display_name, display_state) VALUES (9, 'DAR_PC', 'DAR PC', true);
INSERT INTO security_role (rol_id, role_name, display_name, display_state) VALUES (10, 'MID_TIER', 'Mid Tier', true);
INSERT INTO security_role (rol_id, role_name, display_name, display_state) VALUES (11, 'SUPER_ADMIN', 'Super Admin', true);
INSERT INTO security_role (rol_id, role_name, display_name, display_state) VALUES (12, 'SUPER_USER', 'Super User', true);

INSERT INTO security_role_permission_ae (rol_id, per_id) VALUES (1, 2);
INSERT INTO security_role_permission_ae (rol_id, per_id) VALUES (1, 4);
INSERT INTO security_role_permission_ae (rol_id, per_id) VALUES (1, 6);
INSERT INTO security_role_permission_ae (rol_id, per_id) VALUES (1, 7);
INSERT INTO security_role_permission_ae (rol_id, per_id) VALUES (1, 8);
INSERT INTO security_role_permission_ae (rol_id, per_id) VALUES (1, 9);
INSERT INTO security_role_permission_ae (rol_id, per_id) VALUES (1, 10);
INSERT INTO security_role_permission_ae (rol_id, per_id) VALUES (1, 13);
INSERT INTO security_role_permission_ae (rol_id, per_id) VALUES (1, 14);
INSERT INTO security_role_permission_ae (rol_id, per_id) VALUES (1, 15);
INSERT INTO security_role_permission_ae (rol_id, per_id) VALUES (1, 16);
INSERT INTO security_role_permission_ae (rol_id, per_id) VALUES (2, 4);
INSERT INTO security_role_permission_ae (rol_id, per_id) VALUES (2, 6);
INSERT INTO security_role_permission_ae (rol_id, per_id) VALUES (2, 7);
INSERT INTO security_role_permission_ae (rol_id, per_id) VALUES (2, 8);
INSERT INTO security_role_permission_ae (rol_id, per_id) VALUES (2, 9);
INSERT INTO security_role_permission_ae (rol_id, per_id) VALUES (2, 10);
INSERT INTO security_role_permission_ae (rol_id, per_id) VALUES (2, 13);
INSERT INTO security_role_permission_ae (rol_id, per_id) VALUES (2, 14);
INSERT INTO security_role_permission_ae (rol_id, per_id) VALUES (2, 15);
INSERT INTO security_role_permission_ae (rol_id, per_id) VALUES (2, 16);
INSERT INTO security_role_permission_ae (rol_id, per_id) VALUES (3, 4);
INSERT INTO security_role_permission_ae (rol_id, per_id) VALUES (3, 5);
INSERT INTO security_role_permission_ae (rol_id, per_id) VALUES (3, 6);
INSERT INTO security_role_permission_ae (rol_id, per_id) VALUES (3, 7);
INSERT INTO security_role_permission_ae (rol_id, per_id) VALUES (3, 8);
INSERT INTO security_role_permission_ae (rol_id, per_id) VALUES (3, 9);
INSERT INTO security_role_permission_ae (rol_id, per_id) VALUES (3, 10);
INSERT INTO security_role_permission_ae (rol_id, per_id) VALUES (3, 11);
INSERT INTO security_role_permission_ae (rol_id, per_id) VALUES (3, 13);
INSERT INTO security_role_permission_ae (rol_id, per_id) VALUES (3, 14);
INSERT INTO security_role_permission_ae (rol_id, per_id) VALUES (3, 15);
INSERT INTO security_role_permission_ae (rol_id, per_id) VALUES (3, 16);
INSERT INTO security_role_permission_ae (rol_id, per_id) VALUES (4, 1);
INSERT INTO security_role_permission_ae (rol_id, per_id) VALUES (4, 3);
INSERT INTO security_role_permission_ae (rol_id, per_id) VALUES (4, 4);
INSERT INTO security_role_permission_ae (rol_id, per_id) VALUES (4, 6);
INSERT INTO security_role_permission_ae (rol_id, per_id) VALUES (4, 7);
INSERT INTO security_role_permission_ae (rol_id, per_id) VALUES (4, 10);
INSERT INTO security_role_permission_ae (rol_id, per_id) VALUES (4, 12);
INSERT INTO security_role_permission_ae (rol_id, per_id) VALUES (4, 13);
INSERT INTO security_role_permission_ae (rol_id, per_id) VALUES (4, 14);
INSERT INTO security_role_permission_ae (rol_id, per_id) VALUES (4, 15);
INSERT INTO security_role_permission_ae (rol_id, per_id) VALUES (4, 16);
INSERT INTO security_role_permission_ae (rol_id, per_id) VALUES (4, 17);
INSERT INTO security_role_permission_ae (rol_id, per_id) VALUES (5, 4);
INSERT INTO security_role_permission_ae (rol_id, per_id) VALUES (5, 6);
INSERT INTO security_role_permission_ae (rol_id, per_id) VALUES (5, 7);
INSERT INTO security_role_permission_ae (rol_id, per_id) VALUES (5, 10);
INSERT INTO security_role_permission_ae (rol_id, per_id) VALUES (5, 13);
INSERT INTO security_role_permission_ae (rol_id, per_id) VALUES (5, 14);
INSERT INTO security_role_permission_ae (rol_id, per_id) VALUES (5, 16);
INSERT INTO security_role_permission_ae (rol_id, per_id) VALUES (6, 4);
INSERT INTO security_role_permission_ae (rol_id, per_id) VALUES (6, 6);
INSERT INTO security_role_permission_ae (rol_id, per_id) VALUES (6, 7);
INSERT INTO security_role_permission_ae (rol_id, per_id) VALUES (6, 10);
INSERT INTO security_role_permission_ae (rol_id, per_id) VALUES (6, 13);
INSERT INTO security_role_permission_ae (rol_id, per_id) VALUES (6, 14);
INSERT INTO security_role_permission_ae (rol_id, per_id) VALUES (6, 16);
INSERT INTO security_role_permission_ae (rol_id, per_id) VALUES (7, 16);
INSERT INTO security_role_permission_ae (rol_id, per_id) VALUES (8, 16);
INSERT INTO security_role_permission_ae (rol_id, per_id) VALUES (9, 17);
INSERT INTO security_role_permission_ae (rol_id, per_id) VALUES (9, 18);
INSERT INTO security_role_permission_ae (rol_id, per_id) VALUES (10, 18);
INSERT INTO security_role_permission_ae (rol_id, per_id) VALUES (10, 19);
INSERT INTO security_role_permission_ae (rol_id, per_id) VALUES (10, 20);
INSERT INTO security_role_permission_ae (rol_id, per_id) VALUES (10, 21);
INSERT INTO security_role_permission_ae (rol_id, per_id) VALUES (11, 3);  -- LISTEN_TO_AUDIO_FOR_DOWNLOAD
INSERT INTO security_role_permission_ae (rol_id, per_id) VALUES (11, 4);  -- LISTEN_TO_AUDIO_FOR_PLAYBACK
INSERT INTO security_role_permission_ae (rol_id, per_id) VALUES (11, 5);  -- READ_JUDGES_NOTES
INSERT INTO security_role_permission_ae (rol_id, per_id) VALUES (11, 6);  -- READ_TRANSCRIBED_DOCUMENT
INSERT INTO security_role_permission_ae (rol_id, per_id) VALUES (11, 7);  -- REQUEST_AUDIO
INSERT INTO security_role_permission_ae (rol_id, per_id) VALUES (11, 8);  -- REQUEST_TRANSCRIPTION
INSERT INTO security_role_permission_ae (rol_id, per_id) VALUES (11, 9);  -- RETENTION_ADMINISTRATION
INSERT INTO security_role_permission_ae (rol_id, per_id) VALUES (11, 10); -- SEARCH_CASES
INSERT INTO security_role_permission_ae (rol_id, per_id) VALUES (11, 11); -- UPLOAD_JUDGES_NOTES
INSERT INTO security_role_permission_ae (rol_id, per_id) VALUES (11, 12); -- UPLOAD_TRANSCRIPTION
INSERT INTO security_role_permission_ae (rol_id, per_id) VALUES (11, 13); -- VIEW_DARTS_INBOX
INSERT INTO security_role_permission_ae (rol_id, per_id) VALUES (11, 14); -- VIEW_MY_AUDIOS
INSERT INTO security_role_permission_ae (rol_id, per_id) VALUES (11, 15); -- VIEW_MY_TRANSCRIPTIONS
INSERT INTO security_role_permission_ae (rol_id, per_id) VALUES (11, 16); -- EXPORT_PROCESSED_PLAYBACK_AUDIO
INSERT INTO security_role_permission_ae (rol_id, per_id) VALUES (11, 17); -- EXPORT_PROCESSED_DOWNLOAD_AUDIO
INSERT INTO security_role_permission_ae (rol_id, per_id) VALUES (12, 3);  -- LISTEN_TO_AUDIO_FOR_DOWNLOAD
INSERT INTO security_role_permission_ae (rol_id, per_id) VALUES (12, 4);  -- LISTEN_TO_AUDIO_FOR_PLAYBACK
INSERT INTO security_role_permission_ae (rol_id, per_id) VALUES (12, 6);  -- READ_TRANSCRIBED_DOCUMENT
INSERT INTO security_role_permission_ae (rol_id, per_id) VALUES (12, 7);  -- REQUEST_AUDIO
INSERT INTO security_role_permission_ae (rol_id, per_id) VALUES (12, 8);  -- REQUEST_TRANSCRIPTION
INSERT INTO security_role_permission_ae (rol_id, per_id) VALUES (12, 9);  -- RETENTION_ADMINISTRATION
INSERT INTO security_role_permission_ae (rol_id, per_id) VALUES (12, 10); -- SEARCH_CASES
INSERT INTO security_role_permission_ae (rol_id, per_id) VALUES (12, 12); -- UPLOAD_TRANSCRIPTION
INSERT INTO security_role_permission_ae (rol_id, per_id) VALUES (12, 13); -- VIEW_DARTS_INBOX
INSERT INTO security_role_permission_ae (rol_id, per_id) VALUES (12, 14); -- VIEW_MY_AUDIOS
INSERT INTO security_role_permission_ae (rol_id, per_id) VALUES (12, 15); -- VIEW_MY_TRANSCRIPTIONS
INSERT INTO security_role_permission_ae (rol_id, per_id) VALUES (12, 16); -- EXPORT_PROCESSED_PLAYBACK_AUDIO
INSERT INTO security_role_permission_ae (rol_id, per_id) VALUES (12, 17); -- EXPORT_PROCESSED_DOWNLOAD_AUDIO

INSERT INTO security_group (grp_id, rol_id, group_name, global_access, display_state, use_interpreter, display_name, created_ts, created_by, last_modified_ts, last_modified_by)
VALUES (nextval('grp_seq'), 11, 'SUPER_ADMIN', true, true, false, 'Super Admin', CURRENT_TIMESTAMP, 0, CURRENT_TIMESTAMP, 0);
INSERT INTO security_group (grp_id, rol_id, group_name, global_access, display_state, use_interpreter, display_name, created_ts, created_by, last_modified_ts, last_modified_by)
VALUES (nextval('grp_seq'), 12, 'SUPER_USER', true, true, false, 'Super User', CURRENT_TIMESTAMP, 0, CURRENT_TIMESTAMP, 0);

INSERT INTO transcription_status (trs_id, status_type, display_name) VALUES (1, 'Requested', 'Requested');
INSERT INTO transcription_status (trs_id, status_type, display_name) VALUES (2, 'Awaiting Authorisation', 'Awaiting Authorisation');
INSERT INTO transcription_status (trs_id, status_type, display_name) VALUES (3, 'Approved', 'Approved');
INSERT INTO transcription_status (trs_id, status_type, display_name) VALUES (4, 'Rejected', 'Rejected');
INSERT INTO transcription_status (trs_id, status_type, display_name) VALUES (5, 'With Transcriber', 'With Transcriber');
INSERT INTO transcription_status (trs_id, status_type, display_name) VALUES (6, 'Complete', 'Complete');
INSERT INTO transcription_status (trs_id, status_type, display_name) VALUES (7, 'Closed', 'Closed');

INSERT INTO transcription_type (trt_id, description, display_state) VALUES (1, 'Sentencing remarks', true);
INSERT INTO transcription_type (trt_id, description, display_state) VALUES (2, 'Summing up (including verdict)', true);
INSERT INTO transcription_type (trt_id, description, display_state) VALUES (3, 'Antecedents', true);
INSERT INTO transcription_type (trt_id, description, display_state) VALUES (4, 'Argument and submission of ruling', true);
INSERT INTO transcription_type (trt_id, description, display_state) VALUES (5, 'Court Log', true);
INSERT INTO transcription_type (trt_id, description, display_state) VALUES (6, 'Mitigation', true);
INSERT INTO transcription_type (trt_id, description, display_state) VALUES (7, 'Proceedings after verdict', true);
INSERT INTO transcription_type (trt_id, description, display_state) VALUES (8, 'Prosecution opening of facts', true);
INSERT INTO transcription_type (trt_id, description, display_state) VALUES (9, 'Specified Times', true);
INSERT INTO transcription_type (trt_id, description, display_state) VALUES (999, 'Other', true);

INSERT INTO transcription_urgency (tru_id, description, display_state, priority_order) VALUES (1, 'Standard', false, 999);
INSERT INTO transcription_urgency (tru_id, description, display_state, priority_order) VALUES (2, 'Overnight', true, 1);
INSERT INTO transcription_urgency (tru_id, description, display_state, priority_order) VALUES (3, 'Other', true, 6);
INSERT INTO transcription_urgency (tru_id, description, display_state, priority_order) VALUES (4, 'Up to 3 working days', true, 3);
INSERT INTO transcription_urgency (tru_id, description, display_state, priority_order) VALUES (5, 'Up to 7 working days', true, 4);
INSERT INTO transcription_urgency (tru_id, description, display_state, priority_order) VALUES (6, 'Up to 12 working days', true, 5);
INSERT INTO transcription_urgency (tru_id, description, display_state, priority_order) VALUES (7, 'Up to 2 working days', true, 2);

INSERT INTO region (reg_id, region_name) VALUES(1, 'London');
INSERT INTO region (reg_id, region_name) VALUES(2, 'South East');
INSERT INTO region (reg_id, region_name) VALUES(3, 'South West');
INSERT INTO region (reg_id, region_name) VALUES(4, 'Midlands');
INSERT INTO region (reg_id, region_name) VALUES(5, 'North East');
INSERT INTO region (reg_id, region_name) VALUES(6, 'North West');
INSERT INTO region (reg_id, region_name) VALUES(7, 'Wales');

INSERT INTO courthouse_region_ae (cth_id, reg_id) VALUES (2,5);
INSERT INTO courthouse_region_ae (cth_id, reg_id) VALUES (3,6);
INSERT INTO courthouse_region_ae (cth_id, reg_id) VALUES (1,7);

INSERT INTO darts.object_hidden_reason (ohr_id, ohr_reason, display_name, display_state, display_order, marked_for_deletion) VALUES (1, 'PUBLIC_INTEREST_IMMUNITY', 'Public interest immunity', false, 1, true);
INSERT INTO darts.object_hidden_reason (ohr_id, ohr_reason, display_name, display_state, display_order, marked_for_deletion) VALUES (2, 'CLASSIFIED', 'Classified above official', false, 2, true);
INSERT INTO darts.object_hidden_reason (ohr_id, ohr_reason, display_name, display_state, display_order, marked_for_deletion) VALUES (3, 'OTHER_DELETE', 'Other reason to delete', false, 3, true);
INSERT INTO darts.object_hidden_reason (ohr_id, ohr_reason, display_name, display_state, display_order, marked_for_deletion) VALUES (4, 'OTHER_HIDE', 'Other reason to hide only', true, 4, false);